"","Family","Species","Trait","Value","Source","Trait_original"
"1","Scincidae","Ablepharus budaki","Active_period","Diurnal","RepT","Active time"
"2","Scincidae","Ablepharus budaki","BodyMass_max_g","2.0124632366227755","RepT","Maximum body mass (g)"
"3","Scincidae","Ablepharus budaki","Brood_per_year","1","AMN","litters_or_clutches_per_y"
"4","Scincidae","Ablepharus budaki","Clutch_mean","3.5","RepT","Mean number of offspring per litter or number of eggs per clutch"
"5","Scincidae","Ablepharus budaki","Diet","Carnivorous","RepT","Diet"
"6","Scincidae","Ablepharus budaki","Limbs","4 well developed limbs","SqB","Limbs"
"7","Scincidae","Ablepharus budaki","SVL_mm_max","48","RepT","Maximum length (SVL, mm)/straight carapace length for turtles (SCL, mm)"
"8","Scincidae","Ablepharus budaki","Substrate","Terrestrial","RepT","Microhabitat"
"9","Scincidae","Ablepharus kitaibelii","Active_period","Diurnal","RepT","Active time"
"10","Scincidae","Ablepharus kitaibelii","Activity_season_m","11","SqB","Length_Activity_Season"
"11","Scincidae","Ablepharus kitaibelii","BodyMass_max_g","4.7863009229999998","RepT","Maximum body mass (g)"
"12","Scincidae","Ablepharus kitaibelii","BodyTemp_mean","27","RepT","Mean Tb"
"13","Scincidae","Ablepharus kitaibelii","Brood_per_year","1","AMN","litters_or_clutches_per_y"
"14","Scincidae","Ablepharus kitaibelii","Clutch_mean","2.8","RepT","Mean number of offspring per litter or number of eggs per clutch"
"15","Scincidae","Ablepharus kitaibelii","Diet","Carnivorous","RepT","Diet"
"16","Scincidae","Ablepharus kitaibelii","First_breeding_m","6","SqB","first_breeding_months"
"17","Scincidae","Ablepharus kitaibelii","Limbs","4 well developed limbs","SqB","Limbs"
"18","Scincidae","Ablepharus kitaibelii","Longevity_y","4","RepT","Maximum Longevity (years)"
"19","Scincidae","Ablepharus kitaibelii","SVL_mm_max","58","RepT","Maximum length (SVL, mm)/straight carapace length for turtles (SCL, mm)"
"20","Scincidae","Ablepharus kitaibelii","Substrate","Terrestrial","RepT","Microhabitat"
"21","Lacertidae","Acanthodactylus erythrurus","Active_period","Diurnal","RepT","Active time"
"22","Lacertidae","Acanthodactylus erythrurus","Activity_season_m","9.5","SqB","Length_Activity_Season"
"23","Lacertidae","Acanthodactylus erythrurus","BodyMass_max_g","13.80384265","RepT","Maximum body mass (g)"
"24","Lacertidae","Acanthodactylus erythrurus","BodyTemp_mean","34.799999999999997","RepT","Mean Tb"
"25","Lacertidae","Acanthodactylus erythrurus","Brood_per_year","1.5","RepT","Number of litters or clutches produced per year"
"26","Lacertidae","Acanthodactylus erythrurus","Clutch_mean","3.7","RepT","Mean number of offspring per litter or number of eggs per clutch"
"27","Lacertidae","Acanthodactylus erythrurus","Diet","Carnivorous","RepT","Diet"
"28","Lacertidae","Acanthodactylus erythrurus","First_breeding_m","14","SqB","first_breeding_months"
"29","Lacertidae","Acanthodactylus erythrurus","Limbs","4 well developed limbs","SqB","Limbs"
"30","Lacertidae","Acanthodactylus erythrurus","Longevity_y","2.1","RepT","Maximum Longevity (years)"
"31","Lacertidae","Acanthodactylus erythrurus","SVL_mm_max","84","RepT","Maximum length (SVL, mm)/straight carapace length for turtles (SCL, mm)"
"32","Lacertidae","Acanthodactylus erythrurus","Substrate","Terrestrial","RepT","Microhabitat"
"33","Lacertidae","Algyroides fitzingeri","Active_period","Diurnal","RepT","Active time"
"34","Lacertidae","Algyroides fitzingeri","Activity_season_m","6","SqB","Length_Activity_Season"
"35","Lacertidae","Algyroides fitzingeri","BodyMass_max_g","2.1877616240000002","RepT","Maximum body mass (g)"
"36","Lacertidae","Algyroides fitzingeri","Brood_per_year","1","SqB","Yearly_broods"
"37","Lacertidae","Algyroides fitzingeri","Clutch_mean","2.5","RepT","Mean number of offspring per litter or number of eggs per clutch"
"38","Lacertidae","Algyroides fitzingeri","Diet","Carnivorous","RepT","Diet"
"39","Lacertidae","Algyroides fitzingeri","Limbs","4 well developed limbs","SqB","Limbs"
"40","Lacertidae","Algyroides fitzingeri","SVL_mm_max","45","RepT","Maximum length (SVL, mm)/straight carapace length for turtles (SCL, mm)"
"41","Lacertidae","Algyroides fitzingeri","Substrate","Saxicolous/Terrestrial","RepT","Microhabitat"
"42","Lacertidae","Algyroides marchi","BodyMass_max_g","2.17","AMN","adult_body_mass_g"
"43","Lacertidae","Algyroides marchi","Brood_per_year","1.7","AMN","litters_or_clutches_per_y"
"44","Lacertidae","Algyroides marchi","Clutch_mean","2.4","AMN","litter_or_clutch_size_n"
"45","Lacertidae","Algyroides marchi","SVL_mm_max","45.05","AMN","adult_svl_mm"
"46","Lacertidae","Algyroides moreoticus","Active_period","Diurnal","RepT","Active time"
"47","Lacertidae","Algyroides moreoticus","BodyMass_max_g","3.0199517199999999","RepT","Maximum body mass (g)"
"48","Lacertidae","Algyroides moreoticus","BodyTemp_mean","28.6","RepT","Mean Tb"
"49","Lacertidae","Algyroides moreoticus","Brood_per_year","4.5","RepT","Number of litters or clutches produced per year"
"50","Lacertidae","Algyroides moreoticus","Clutch_mean","3.3","RepT","Mean number of offspring per litter or number of eggs per clutch"
"51","Lacertidae","Algyroides moreoticus","Diet","Carnivorous","RepT","Diet"
"52","Lacertidae","Algyroides moreoticus","First_breeding_m","12","SqB","first_breeding_months"
"53","Lacertidae","Algyroides moreoticus","Limbs","4 well developed limbs","SqB","Limbs"
"54","Lacertidae","Algyroides moreoticus","Longevity_y","9.1999999999999993","RepT","Maximum Longevity (years)"
"55","Lacertidae","Algyroides moreoticus","SVL_mm_max","50.3","RepT","Maximum length (SVL, mm)/straight carapace length for turtles (SCL, mm)"
"56","Lacertidae","Algyroides moreoticus","Substrate","Saxicolous/Terrestrial","RepT","Microhabitat"
"57","Lacertidae","Algyroides nigropunctatus","Active_period","Diurnal","RepT","Active time"
"58","Lacertidae","Algyroides nigropunctatus","Activity_season_m","11","SqB","Length_Activity_Season"
"59","Lacertidae","Algyroides nigropunctatus","BodyMass_max_g","7.9432823470000002","RepT","Maximum body mass (g)"
"60","Lacertidae","Algyroides nigropunctatus","BodyTemp_mean","32.299999999999997","RepT","Mean Tb"
"61","Lacertidae","Algyroides nigropunctatus","Brood_per_year","1.5","RepT","Number of litters or clutches produced per year"
"62","Lacertidae","Algyroides nigropunctatus","Clutch_mean","3.5","RepT","Mean number of offspring per litter or number of eggs per clutch"
"63","Lacertidae","Algyroides nigropunctatus","Diet","Carnivorous","RepT","Diet"
"64","Lacertidae","Algyroides nigropunctatus","Limbs","4 well developed limbs","SqB","Limbs"
"65","Lacertidae","Algyroides nigropunctatus","Longevity_y","2.2999999999999998","RepT","Maximum Longevity (years)"
"66","Lacertidae","Algyroides nigropunctatus","SVL_mm_max","70","RepT","Maximum length (SVL, mm)/straight carapace length for turtles (SCL, mm)"
"67","Lacertidae","Algyroides nigropunctatus","Substrate","Arboreal/Saxicolous/Terrestrial","RepT","Microhabitat"
"68","Anguidae","Anguis cephallonica","Active_period","Diurnal","RepT","Active time"
"69","Anguidae","Anguis cephallonica","Activity_season_m","12","SqB","Length_Activity_Season"
"70","Anguidae","Anguis cephallonica","BodyMass_max_g","75.857757500000005","RepT","Maximum body mass (g)"
"71","Anguidae","Anguis cephallonica","BodyTemp_mean","29","RepT","Mean Tb"
"72","Anguidae","Anguis cephallonica","Brood_per_year","0.7","AMN","litters_or_clutches_per_y"
"73","Anguidae","Anguis cephallonica","Clutch_mean","10.5","RepT","Mean number of offspring per litter or number of eggs per clutch"
"74","Anguidae","Anguis cephallonica","Diet","Carnivorous","RepT","Diet"
"75","Anguidae","Anguis cephallonica","First_breeding_m","54.7866666666667","AMN","female_maturity_m"
"76","Anguidae","Anguis cephallonica","Limbs","limbless","SqB","Limbs"
"77","Anguidae","Anguis cephallonica","Longevity_y","54","AMN","maximum_longevity_y"
"78","Anguidae","Anguis cephallonica","SVL_mm_max","286","RepT","Maximum length (SVL, mm)/straight carapace length for turtles (SCL, mm)"
"79","Anguidae","Anguis cephallonica","Substrate","Terrestrial","RepT","Microhabitat"
"80","Anguidae","Anguis fragilis","Active_period","Diurnal","RepT","Active time"
"81","Anguidae","Anguis fragilis","Activity_season_m","5.5","SqB","Length_Activity_Season"
"82","Anguidae","Anguis fragilis","BodyMass_max_g","79.432823470000002","RepT","Maximum body mass (g)"
"83","Anguidae","Anguis fragilis","BodyTemp_mean","24.25","RepT","Mean Tb"
"84","Anguidae","Anguis fragilis","Brood_per_year","0.75","RepT","Number of litters or clutches produced per year"
"85","Anguidae","Anguis fragilis","Clutch_mean","9.48","RepT","Mean number of offspring per litter or number of eggs per clutch"
"86","Anguidae","Anguis fragilis","Diet","Carnivorous","RepT","Diet"
"87","Anguidae","Anguis fragilis","First_breeding_m","54.7866666666667","AMN","female_maturity_m"
"88","Anguidae","Anguis fragilis","Limbs","limbless","SqB","Limbs"
"89","Anguidae","Anguis fragilis","Longevity_y","54","RepT","Maximum Longevity (years)"
"90","Anguidae","Anguis fragilis","SVL_mm_max","291","RepT","Maximum length (SVL, mm)/straight carapace length for turtles (SCL, mm)"
"91","Anguidae","Anguis fragilis","Substrate","Cryptic","RepT","Microhabitat"
"92","Lacertidae","Archaeolacerta bedriagae","Active_period","Diurnal","RepT","Active time"
"93","Lacertidae","Archaeolacerta bedriagae","Activity_season_m","5","SqB","Length_Activity_Season"
"94","Lacertidae","Archaeolacerta bedriagae","BodyMass_max_g","14.12537545","RepT","Maximum body mass (g)"
"95","Lacertidae","Archaeolacerta bedriagae","BodyTemp_mean","32.4","RepT","Mean Tb"
"96","Lacertidae","Archaeolacerta bedriagae","Brood_per_year","1","SqB","Yearly_broods"
"97","Lacertidae","Archaeolacerta bedriagae","Clutch_mean","4.5","RepT","Mean number of offspring per litter or number of eggs per clutch"
"98","Lacertidae","Archaeolacerta bedriagae","Diet","Omnivorous","RepT","Diet"
"99","Lacertidae","Archaeolacerta bedriagae","Limbs","4 well developed limbs","SqB","Limbs"
"100","Lacertidae","Archaeolacerta bedriagae","Longevity_y","3","AMN","maximum_longevity_y"
"101","Lacertidae","Archaeolacerta bedriagae","SVL_mm_max","84","RepT","Maximum length (SVL, mm)/straight carapace length for turtles (SCL, mm)"
"102","Lacertidae","Archaeolacerta bedriagae","Substrate","Saxicolous","RepT","Microhabitat"
"103","Blanidae","Blanus cinereus","Active_period","Cathemeral","RepT","Active time"
"104","Blanidae","Blanus cinereus","BodyMass_max_g","16.595869069999999","RepT","Maximum body mass (g)"
"105","Blanidae","Blanus cinereus","BodyTemp_mean","22.8","RepT","Mean Tb"
"106","Blanidae","Blanus cinereus","Brood_per_year","1","RepT","Number of litters or clutches produced per year"
"107","Blanidae","Blanus cinereus","Clutch_mean","2","RepT","Mean number of offspring per litter or number of eggs per clutch"
"108","Blanidae","Blanus cinereus","Diet","Omnivorous","RepT","Diet"
"109","Blanidae","Blanus cinereus","Limbs","limbless","SqB","Limbs"
"110","Blanidae","Blanus cinereus","Longevity_y","16","RepT","Maximum Longevity (years)"
"111","Blanidae","Blanus cinereus","SVL_mm_max","254","RepT","Maximum length (SVL, mm)/straight carapace length for turtles (SCL, mm)"
"112","Blanidae","Blanus cinereus","Substrate","Fossorial","RepT","Microhabitat"
"113","Scincidae","Chalcides bedriagai","Active_period","Diurnal","RepT","Active time"
"114","Scincidae","Chalcides bedriagai","Activity_season_m","8.5","SqB","Length_Activity_Season"
"115","Scincidae","Chalcides bedriagai","BodyMass_max_g","19.952623150000001","RepT","Maximum body mass (g)"
"116","Scincidae","Chalcides bedriagai","BodyTemp_mean","28.5","RepT","Mean Tb"
"117","Scincidae","Chalcides bedriagai","Brood_per_year","1","AMN","litters_or_clutches_per_y"
"118","Scincidae","Chalcides bedriagai","Clutch_mean","2.4350000000000001","RepT","Mean number of offspring per litter or number of eggs per clutch"
"119","Scincidae","Chalcides bedriagai","Diet","Carnivorous","RepT","Diet"
"120","Scincidae","Chalcides bedriagai","Limbs","4 well developed limbs","SqB","Limbs"
"121","Scincidae","Chalcides bedriagai","SVL_mm_max","97.8","RepT","Maximum length (SVL, mm)/straight carapace length for turtles (SCL, mm)"
"122","Scincidae","Chalcides bedriagai","Substrate","Fossorial","RepT","Microhabitat"
"123","Scincidae","Chalcides chalcides","Active_period","Cathemeral","RepT","Active time"
"124","Scincidae","Chalcides chalcides","Activity_season_m","6","SqB","Length_Activity_Season"
"125","Scincidae","Chalcides chalcides","BodyMass_max_g","33.884415609999998","RepT","Maximum body mass (g)"
"126","Scincidae","Chalcides chalcides","Brood_per_year","1","RepT","Number of litters or clutches produced per year"
"127","Scincidae","Chalcides chalcides","Clutch_mean","7.4","RepT","Mean number of offspring per litter or number of eggs per clutch"
"128","Scincidae","Chalcides chalcides","Diet","Carnivorous","RepT","Diet"
"129","Scincidae","Chalcides chalcides","First_breeding_m","21","SqB","first_breeding_months"
"130","Scincidae","Chalcides chalcides","Limbs","reduced","SqB","Limbs"
"131","Scincidae","Chalcides chalcides","Longevity_y","4","RepT","Maximum Longevity (years)"
"132","Scincidae","Chalcides chalcides","SVL_mm_max","210","RepT","Maximum length (SVL, mm)/straight carapace length for turtles (SCL, mm)"
"133","Scincidae","Chalcides chalcides","Substrate","Fossorial/Terrestrial","RepT","Microhabitat"
"134","Scincidae","Chalcides ocellatus","Active_period","Cathemeral","RepT","Active time"
"135","Scincidae","Chalcides ocellatus","Activity_season_m","9.5","SqB","Length_Activity_Season"
"136","Scincidae","Chalcides ocellatus","BodyMass_max_g","97.723722100000003","RepT","Maximum body mass (g)"
"137","Scincidae","Chalcides ocellatus","BodyTemp_mean","32.25","RepT","Mean Tb"
"138","Scincidae","Chalcides ocellatus","Brood_per_year","1.5","RepT","Number of litters or clutches produced per year"
"139","Scincidae","Chalcides ocellatus","Clutch_mean","6.5","RepT","Mean number of offspring per litter or number of eggs per clutch"
"140","Scincidae","Chalcides ocellatus","Diet","Carnivorous","RepT","Diet"
"141","Scincidae","Chalcides ocellatus","First_breeding_m","28","SqB","first_breeding_months"
"142","Scincidae","Chalcides ocellatus","Limbs","4 well developed limbs","SqB","Limbs"
"143","Scincidae","Chalcides ocellatus","Longevity_y","14","RepT","Maximum Longevity (years)"
"144","Scincidae","Chalcides ocellatus","SVL_mm_max","159.80000000000001","RepT","Maximum length (SVL, mm)/straight carapace length for turtles (SCL, mm)"
"145","Scincidae","Chalcides ocellatus","Substrate","Cryptic","RepT","Microhabitat"
"146","Scincidae","Chalcides striatus","Active_period","Diurnal","RepT","Active time"
"147","Scincidae","Chalcides striatus","Activity_season_m","6","SqB","Length_Activity_Season"
"148","Scincidae","Chalcides striatus","BodyMass_max_g","33.884415609999998","RepT","Maximum body mass (g)"
"149","Scincidae","Chalcides striatus","Brood_per_year","1.2","AMN","litters_or_clutches_per_y"
"150","Scincidae","Chalcides striatus","Clutch_mean","7","RepT","Mean number of offspring per litter or number of eggs per clutch"
"151","Scincidae","Chalcides striatus","Diet","Carnivorous","RepT","Diet"
"152","Scincidae","Chalcides striatus","First_breeding_m","36","SqB","first_breeding_months"
"153","Scincidae","Chalcides striatus","Limbs","reduced","SqB","Limbs"
"154","Scincidae","Chalcides striatus","Longevity_y","14","AMN","maximum_longevity_y"
"155","Scincidae","Chalcides striatus","SVL_mm_max","210","RepT","Maximum length (SVL, mm)/straight carapace length for turtles (SCL, mm)"
"156","Scincidae","Chalcides striatus","Substrate","Terrestrial","RepT","Microhabitat"
"157","Chamaeleonidae","Chamaeleo chamaeleon","Active_period","Diurnal","RepT","Active time"
"158","Chamaeleonidae","Chamaeleo chamaeleon","Activity_season_m","9","SqB","Length_Activity_Season"
"159","Chamaeleonidae","Chamaeleo chamaeleon","BodyMass_max_g","95.499258600000005","RepT","Maximum body mass (g)"
"160","Chamaeleonidae","Chamaeleo chamaeleon","BodyTemp_mean","28.5","RepT","Mean Tb"
"161","Chamaeleonidae","Chamaeleo chamaeleon","Brood_per_year","1","RepT","Number of litters or clutches produced per year"
"162","Chamaeleonidae","Chamaeleo chamaeleon","Clutch_mean","23.65","RepT","Mean number of offspring per litter or number of eggs per clutch"
"163","Chamaeleonidae","Chamaeleo chamaeleon","Diet","Omnivorous","RepT","Diet"
"164","Chamaeleonidae","Chamaeleo chamaeleon","First_breeding_m","15.5","SqB","first_breeding_months"
"165","Chamaeleonidae","Chamaeleo chamaeleon","Limbs","4 well developed limbs","SqB","Limbs"
"166","Chamaeleonidae","Chamaeleo chamaeleon","Longevity_y","6","RepT","Maximum Longevity (years)"
"167","Chamaeleonidae","Chamaeleo chamaeleon","SVL_mm_max","170","RepT","Maximum length (SVL, mm)/straight carapace length for turtles (SCL, mm)"
"168","Chamaeleonidae","Chamaeleo chamaeleon","Substrate","Arboreal","RepT","Microhabitat"
"169","Colubridae","Coronella austriaca","Active_period","Cathemeral","RepT","Active time"
"170","Colubridae","Coronella austriaca","Activity_season_m","6","SqB","Length_Activity_Season"
"171","Colubridae","Coronella austriaca","BodyMass_max_g","66.518964049999994","RepT","Maximum body mass (g)"
"172","Colubridae","Coronella austriaca","Brood_per_year","0.41499999999999998","RepT","Number of litters or clutches produced per year"
"173","Colubridae","Coronella austriaca","Clutch_mean","9","RepT","Mean number of offspring per litter or number of eggs per clutch"
"174","Colubridae","Coronella austriaca","Diet","Carnivorous","SqB","Diet"
"175","Colubridae","Coronella austriaca","First_breeding_m","48.6986666666667","AMN","female_maturity_m"
"176","Colubridae","Coronella austriaca","Limbs","limbless","SqB","Limbs"
"177","Colubridae","Coronella austriaca","Longevity_y","17","RepT","Maximum Longevity (years)"
"178","Colubridae","Coronella austriaca","Substrate","Arboreal/Terrestrial","RepT","Microhabitat"
"179","Colubridae","Coronella girondica","Active_period","Nocturnal","RepT","Active time"
"180","Colubridae","Coronella girondica","BodyMass_max_g","66.518964049999994","RepT","Maximum body mass (g)"
"181","Colubridae","Coronella girondica","Brood_per_year","1","RepT","Number of litters or clutches produced per year"
"182","Colubridae","Coronella girondica","Clutch_mean","11","RepT","Mean number of offspring per litter or number of eggs per clutch"
"183","Colubridae","Coronella girondica","Diet","Carnivorous","SqB","Diet"
"184","Colubridae","Coronella girondica","First_breeding_m","42","SqB","first_breeding_months"
"185","Colubridae","Coronella girondica","Limbs","limbless","SqB","Limbs"
"186","Colubridae","Coronella girondica","Longevity_y","16","RepT","Maximum Longevity (years)"
"187","Colubridae","Coronella girondica","SVL_mm_max","680","SqB","maximum SVL (mm)"
"188","Colubridae","Coronella girondica","Substrate","Terrestrial","RepT","Microhabitat"
"189","Lacertidae","Dalmatolacerta oxycephala","Active_period","Diurnal","RepT","Active time"
"190","Lacertidae","Dalmatolacerta oxycephala","Activity_season_m","10.5","SqB","Length_Activity_Season"
"191","Lacertidae","Dalmatolacerta oxycephala","BodyMass_max_g","8.1283051620000002","RepT","Maximum body mass (g)"
"192","Lacertidae","Dalmatolacerta oxycephala","BodyTemp_mean","33.1","RepT","Mean Tb"
"193","Lacertidae","Dalmatolacerta oxycephala","Brood_per_year","1.5","RepT","Number of litters or clutches produced per year"
"194","Lacertidae","Dalmatolacerta oxycephala","Clutch_mean","3.4","RepT","Mean number of offspring per litter or number of eggs per clutch"
"195","Lacertidae","Dalmatolacerta oxycephala","Diet","Carnivorous","RepT","Diet"
"196","Lacertidae","Dalmatolacerta oxycephala","Limbs","4 well developed limbs","SqB","Limbs"
"197","Lacertidae","Dalmatolacerta oxycephala","Longevity_y","3.9","RepT","Maximum Longevity (years)"
"198","Lacertidae","Dalmatolacerta oxycephala","SVL_mm_max","70.599999999999994","RepT","Maximum length (SVL, mm)/straight carapace length for turtles (SCL, mm)"
"199","Lacertidae","Dalmatolacerta oxycephala","Substrate","Saxicolous","RepT","Microhabitat"
"200","Lacertidae","Dinarolacerta montenegrina","Active_period","Diurnal","RepT","Active time"
"201","Lacertidae","Dinarolacerta montenegrina","BodyMass_max_g","6.4565422899999998","RepT","Maximum body mass (g)"
"202","Lacertidae","Dinarolacerta montenegrina","Diet","Carnivorous","RepT","Diet"
"203","Lacertidae","Dinarolacerta montenegrina","Limbs","4 well developed limbs","SqB","Limbs"
"204","Lacertidae","Dinarolacerta montenegrina","SVL_mm_max","65","RepT","Maximum length (SVL, mm)/straight carapace length for turtles (SCL, mm)"
"205","Lacertidae","Dinarolacerta montenegrina","Substrate","Saxicolous","RepT","Microhabitat"
"206","Lacertidae","Dinarolacerta mosorensis","Active_period","Diurnal","RepT","Active time"
"207","Lacertidae","Dinarolacerta mosorensis","BodyMass_max_g","11.748975550000001","RepT","Maximum body mass (g)"
"208","Lacertidae","Dinarolacerta mosorensis","BodyTemp_mean","34","RepT","Mean Tb"
"209","Lacertidae","Dinarolacerta mosorensis","Brood_per_year","1","RepT","Number of litters or clutches produced per year"
"210","Lacertidae","Dinarolacerta mosorensis","Clutch_mean","4.75","RepT","Mean number of offspring per litter or number of eggs per clutch"
"211","Lacertidae","Dinarolacerta mosorensis","Diet","Carnivorous","RepT","Diet"
"212","Lacertidae","Dinarolacerta mosorensis","First_breeding_m","42","SqB","first_breeding_months"
"213","Lacertidae","Dinarolacerta mosorensis","Limbs","4 well developed limbs","SqB","Limbs"
"214","Lacertidae","Dinarolacerta mosorensis","Longevity_y","9","RepT","Maximum Longevity (years)"
"215","Lacertidae","Dinarolacerta mosorensis","SVL_mm_max","80","RepT","Maximum length (SVL, mm)/straight carapace length for turtles (SCL, mm)"
"216","Lacertidae","Dinarolacerta mosorensis","Substrate","Saxicolous","RepT","Microhabitat"
"217","Colubridae","Dolichophis caspius","Active_period","Diurnal","SqB","Activity time"
"218","Colubridae","Dolichophis caspius","BodyMass_max_g","1200.5207809999999","RepT","Maximum body mass (g)"
"219","Colubridae","Dolichophis caspius","Clutch_mean","10","RepT","Mean number of offspring per litter or number of eggs per clutch"
"220","Colubridae","Dolichophis caspius","Diet","Carnivorous","SqB","Diet"
"221","Colubridae","Dolichophis caspius","First_breeding_m","36","SqB","first_breeding_months"
"222","Colubridae","Dolichophis caspius","Limbs","limbless","SqB","Limbs"
"223","Colubridae","Dolichophis caspius","Longevity_y","10","SqB","Maximum Longevity (years)"
"224","Colubridae","Dolichophis caspius","Substrate","Arboreal/Terrestrial","RepT","Microhabitat"
"225","Colubridae","Dolichophis jugularis","Active_period","Diurnal","RepT","Active time"
"226","Colubridae","Dolichophis jugularis","BodyMass_max_g","1200.5207809999999","RepT","Maximum body mass (g)"
"227","Colubridae","Dolichophis jugularis","Clutch_mean","10","RepT","Mean number of offspring per litter or number of eggs per clutch"
"228","Colubridae","Dolichophis jugularis","Diet","Carnivorous","SqB","Diet"
"229","Colubridae","Dolichophis jugularis","Limbs","limbless","SqB","Limbs"
"230","Colubridae","Dolichophis jugularis","Longevity_y","10.3","RepT","Maximum Longevity (years)"
"231","Colubridae","Dolichophis jugularis","SVL_mm_max","1220.4000000000001","RepT","Maximum length (SVL, mm)/straight carapace length for turtles (SCL, mm)"
"232","Colubridae","Dolichophis jugularis","Substrate","Arboreal/Terrestrial","RepT","Microhabitat"
"233","Colubridae","Elaphe quatuorlineata","Active_period","Diurnal","RepT","Active time"
"234","Colubridae","Elaphe quatuorlineata","BodyMass_max_g","681.26355899999999","RepT","Maximum body mass (g)"
"235","Colubridae","Elaphe quatuorlineata","Brood_per_year","0.89","SqB","Yearly_broods"
"236","Colubridae","Elaphe quatuorlineata","Clutch_mean","10.5","RepT","Mean number of offspring per litter or number of eggs per clutch"
"237","Colubridae","Elaphe quatuorlineata","Diet","Carnivorous","RepT","Diet"
"238","Colubridae","Elaphe quatuorlineata","Limbs","limbless","SqB","Limbs"
"239","Colubridae","Elaphe quatuorlineata","Longevity_y","5.2","RepT","Maximum Longevity (years)"
"240","Colubridae","Elaphe quatuorlineata","Substrate","Arboreal/Terrestrial","RepT","Microhabitat"
"241","Colubridae","Elaphe sauromates","Active_period","Diurnal","RepT","Active time"
"242","Colubridae","Elaphe sauromates","BodyMass_max_g","681.26355899999999","RepT","Maximum body mass (g)"
"243","Colubridae","Elaphe sauromates","Clutch_mean","11","RepT","Mean number of offspring per litter or number of eggs per clutch"
"244","Colubridae","Elaphe sauromates","Diet","Carnivorous","RepT","Diet"
"245","Colubridae","Elaphe sauromates","Limbs","limbless","SqB","Limbs"
"246","Colubridae","Elaphe sauromates","Longevity_y","13.8","RepT","Maximum Longevity (years)"
"247","Colubridae","Elaphe sauromates","SVL_mm_max","1363","RepT","Maximum length (SVL, mm)/straight carapace length for turtles (SCL, mm)"
"248","Colubridae","Elaphe sauromates","Substrate","Arboreal/Terrestrial","RepT","Microhabitat"
"249","Boidae","Eryx jaculus","Active_period","Nocturnal","RepT","Active time"
"250","Boidae","Eryx jaculus","Activity_season_m","6","SqB","Length_Activity_Season"
"251","Boidae","Eryx jaculus","BodyMass_max_g","254.22894959999999","RepT","Maximum body mass (g)"
"252","Boidae","Eryx jaculus","Clutch_mean","13","RepT","Mean number of offspring per litter or number of eggs per clutch"
"253","Boidae","Eryx jaculus","Diet","Carnivorous","SqB","Diet"
"254","Boidae","Eryx jaculus","First_breeding_m","36","SqB","first_breeding_months"
"255","Boidae","Eryx jaculus","Limbs","limbless","SqB","Limbs"
"256","Boidae","Eryx jaculus","Longevity_y","24.7","RepT","Maximum Longevity (years)"
"257","Boidae","Eryx jaculus","SVL_mm_max","552.5","RepT","Maximum length (SVL, mm)/straight carapace length for turtles (SCL, mm)"
"258","Boidae","Eryx jaculus","Substrate","Terrestrial","RepT","Microhabitat"
"259","Scincidae","Eumeces schneiderii","Active_period","Diurnal","RepT","Active time"
"260","Scincidae","Eumeces schneiderii","Activity_season_m","7.5","SqB","Length_Activity_Season"
"261","Scincidae","Eumeces schneiderii","BodyMass_max_g","159.68249027090073","RepT","Maximum body mass (g)"
"262","Scincidae","Eumeces schneiderii","BodyTemp_mean","33.1","RepT","Mean Tb"
"263","Scincidae","Eumeces schneiderii","Brood_per_year","1","SqB","Yearly_broods"
"264","Scincidae","Eumeces schneiderii","Clutch_mean","11","RepT","Mean number of offspring per litter or number of eggs per clutch"
"265","Scincidae","Eumeces schneiderii","Diet","Omnivorous","RepT","Diet"
"266","Scincidae","Eumeces schneiderii","First_breeding_m","33","SqB","first_breeding_months"
"267","Scincidae","Eumeces schneiderii","Limbs","4 well developed limbs","SqB","Limbs"
"268","Scincidae","Eumeces schneiderii","Longevity_y","22","SqB","Maximum Longevity (years)"
"269","Scincidae","Eumeces schneiderii","SVL_mm_max","186","RepT","Maximum length (SVL, mm)/straight carapace length for turtles (SCL, mm)"
"270","Scincidae","Eumeces schneiderii","Substrate","Terrestrial","RepT","Microhabitat"
"271","Lacertidae","Hellenolacerta graeca","Active_period","Diurnal","RepT","Active time"
"272","Lacertidae","Hellenolacerta graeca","Activity_season_m","7.5","SqB","Length_Activity_Season"
"273","Lacertidae","Hellenolacerta graeca","BodyMass_max_g","14.12537545","RepT","Maximum body mass (g)"
"274","Lacertidae","Hellenolacerta graeca","BodyTemp_mean","31.35","RepT","Mean Tb"
"275","Lacertidae","Hellenolacerta graeca","Brood_per_year","1","AMN","litters_or_clutches_per_y"
"276","Lacertidae","Hellenolacerta graeca","Clutch_mean","3.5","RepT","Mean number of offspring per litter or number of eggs per clutch"
"277","Lacertidae","Hellenolacerta graeca","Diet","Carnivorous","RepT","Diet"
"278","Lacertidae","Hellenolacerta graeca","Limbs","4 well developed limbs","SqB","Limbs"
"279","Lacertidae","Hellenolacerta graeca","SVL_mm_max","85","RepT","Maximum length (SVL, mm)/straight carapace length for turtles (SCL, mm)"
"280","Lacertidae","Hellenolacerta graeca","Substrate","Arboreal/Saxicolous","RepT","Microhabitat"
"281","Gekkonidae","Hemidactylus turcicus","Active_period","Nocturnal","RepT","Active time"
"282","Gekkonidae","Hemidactylus turcicus","Activity_season_m","9.5","SqB","Length_Activity_Season"
"283","Gekkonidae","Hemidactylus turcicus","BodyMass_max_g","5.754399373","RepT","Maximum body mass (g)"
"284","Gekkonidae","Hemidactylus turcicus","BodyTemp_mean","23.85","RepT","Mean Tb"
"285","Gekkonidae","Hemidactylus turcicus","Brood_per_year","3","RepT","Number of litters or clutches produced per year"
"286","Gekkonidae","Hemidactylus turcicus","Clutch_mean","2","RepT","Mean number of offspring per litter or number of eggs per clutch"
"287","Gekkonidae","Hemidactylus turcicus","Diet","Carnivorous","RepT","Diet"
"288","Gekkonidae","Hemidactylus turcicus","First_breeding_m","22.3","SqB","first_breeding_months"
"289","Gekkonidae","Hemidactylus turcicus","Limbs","4 well developed limbs","SqB","Limbs"
"290","Gekkonidae","Hemidactylus turcicus","Longevity_y","9","RepT","Maximum Longevity (years)"
"291","Gekkonidae","Hemidactylus turcicus","SVL_mm_max","64.7","RepT","Maximum length (SVL, mm)/straight carapace length for turtles (SCL, mm)"
"292","Gekkonidae","Hemidactylus turcicus","Substrate","Arboreal/Saxicolous","RepT","Microhabitat"
"293","Colubridae","Hemorrhois hippocrepis","Active_period","Diurnal","RepT","Active time"
"294","Colubridae","Hemorrhois hippocrepis","BodyMass_max_g","681.26355899999999","RepT","Maximum body mass (g)"
"295","Colubridae","Hemorrhois hippocrepis","Clutch_mean","8","RepT","Mean number of offspring per litter or number of eggs per clutch"
"296","Colubridae","Hemorrhois hippocrepis","Diet","Carnivorous","SqB","Diet"
"297","Colubridae","Hemorrhois hippocrepis","Limbs","limbless","SqB","Limbs"
"298","Colubridae","Hemorrhois hippocrepis","Longevity_y","6.3","RepT","Maximum Longevity (years)"
"299","Colubridae","Hemorrhois hippocrepis","Substrate","Terrestrial","RepT","Microhabitat"
"300","Colubridae","Hemorrhois nummifer","Active_period","Diurnal","RepT","Active time"
"301","Colubridae","Hemorrhois nummifer","BodyMass_max_g","217.21527330000001","RepT","Maximum body mass (g)"
"302","Colubridae","Hemorrhois nummifer","Clutch_mean","11.5","AMN","litter_or_clutch_size_n"
"303","Colubridae","Hemorrhois nummifer","Diet","Carnivorous","RepT","Diet"
"304","Colubridae","Hemorrhois nummifer","Limbs","limbless","SqB","Limbs"
"305","Colubridae","Hemorrhois nummifer","Longevity_y","13.8","RepT","Maximum Longevity (years)"
"306","Colubridae","Hemorrhois nummifer","SVL_mm_max","854","RepT","Maximum length (SVL, mm)/straight carapace length for turtles (SCL, mm)"
"307","Colubridae","Hemorrhois nummifer","Substrate","Arboreal/Terrestrial","RepT","Microhabitat"
"308","Scincidae","Heremites vittatus","Active_period","Diurnal","RepT","Active time"
"309","Scincidae","Heremites vittatus","Activity_season_m","8.5","SqB","Length_Activity_Season"
"310","Scincidae","Heremites vittatus","BodyMass_max_g","20.892959999999999","RepT","Maximum body mass (g)"
"311","Scincidae","Heremites vittatus","BodyTemp_mean","33.25","RepT","Mean Tb"
"312","Scincidae","Heremites vittatus","Brood_per_year","1.5","SqB","Yearly_broods"
"313","Scincidae","Heremites vittatus","Clutch_mean","4.8499999999999996","RepT","Mean number of offspring per litter or number of eggs per clutch"
"314","Scincidae","Heremites vittatus","Diet","Carnivorous","RepT","Diet"
"315","Scincidae","Heremites vittatus","First_breeding_m","10","SqB","first_breeding_months"
"316","Scincidae","Heremites vittatus","Limbs","4 well developed limbs","SqB","Limbs"
"317","Scincidae","Heremites vittatus","SVL_mm_max","98.8","RepT","Maximum length (SVL, mm)/straight carapace length for turtles (SCL, mm)"
"318","Scincidae","Heremites vittatus","Substrate","Arboreal/Terrestrial","RepT","Microhabitat"
"319","Colubridae","Hierophis cypriensis","Active_period","Diurnal","SqB","Activity time"
"320","Colubridae","Hierophis cypriensis","BodyMass_max_g","4068.2","RepT","Maximum body mass (g)"
"321","Colubridae","Hierophis cypriensis","Diet","Carnivorous","SqB","Diet"
"322","Colubridae","Hierophis cypriensis","Limbs","limbless","SqB","Limbs"
"323","Colubridae","Hierophis cypriensis","SVL_mm_max","820","SqB","maximum SVL (mm)"
"324","Colubridae","Hierophis cypriensis","Substrate","Arboreal/Terrestrial","RepT","Microhabitat"
"325","Colubridae","Hierophis gemonensis","Active_period","Diurnal","SqB","Activity time"
"326","Colubridae","Hierophis gemonensis","BodyMass_max_g","219.3845872","RepT","Maximum body mass (g)"
"327","Colubridae","Hierophis gemonensis","Clutch_mean","6.5","RepT","Mean number of offspring per litter or number of eggs per clutch"
"328","Colubridae","Hierophis gemonensis","Diet","*Carnivorous","SqB","Diet"
"329","Colubridae","Hierophis gemonensis","Limbs","limbless","SqB","Limbs"
"330","Colubridae","Hierophis gemonensis","Longevity_y","33","RepT","Maximum Longevity (years)"
"331","Colubridae","Hierophis gemonensis","Substrate","Arboreal/Terrestrial","RepT","Microhabitat"
"332","Colubridae","Hierophis viridiflavus","Active_period","Diurnal","RepT","Active time"
"333","Colubridae","Hierophis viridiflavus","BodyMass_max_g","386.59891959999999","RepT","Maximum body mass (g)"
"334","Colubridae","Hierophis viridiflavus","Clutch_mean","20","RepT","Mean number of offspring per litter or number of eggs per clutch"
"335","Colubridae","Hierophis viridiflavus","Diet","*Carnivorous","SqB","Diet"
"336","Colubridae","Hierophis viridiflavus","Limbs","limbless","SqB","Limbs"
"337","Colubridae","Hierophis viridiflavus","Longevity_y","33","RepT","Maximum Longevity (years)"
"338","Colubridae","Hierophis viridiflavus","Substrate","Arboreal/Terrestrial","RepT","Microhabitat"
"339","Lacertidae","Iberolacerta cyreni","Active_period","Diurnal","RepT","Active time"
"340","Lacertidae","Iberolacerta cyreni","Activity_season_m","5.5","SqB","Length_Activity_Season"
"341","Lacertidae","Iberolacerta cyreni","BodyMass_max_g","17.37800829","RepT","Maximum body mass (g)"
"342","Lacertidae","Iberolacerta cyreni","BodyTemp_mean","28.25","RepT","Mean Tb"
"343","Lacertidae","Iberolacerta cyreni","Brood_per_year","1","AMN","litters_or_clutches_per_y"
"344","Lacertidae","Iberolacerta cyreni","Clutch_mean","6.3000000000000007","RepT","Mean number of offspring per litter or number of eggs per clutch"
"345","Lacertidae","Iberolacerta cyreni","Diet","Carnivorous","RepT","Diet"
"346","Lacertidae","Iberolacerta cyreni","First_breeding_m","10","SqB","first_breeding_months"
"347","Lacertidae","Iberolacerta cyreni","Limbs","4 well developed limbs","SqB","Limbs"
"348","Lacertidae","Iberolacerta cyreni","SVL_mm_max","91","RepT","Maximum length (SVL, mm)/straight carapace length for turtles (SCL, mm)"
"349","Lacertidae","Iberolacerta cyreni","Substrate","Terrestrial","RepT","Microhabitat"
"350","Lacertidae","Iberolacerta horvathi","Active_period","Diurnal","RepT","Active time"
"351","Lacertidae","Iberolacerta horvathi","Activity_season_m","7","SqB","Length_Activity_Season"
"352","Lacertidae","Iberolacerta horvathi","BodyMass_max_g","6.4565422899999998","RepT","Maximum body mass (g)"
"353","Lacertidae","Iberolacerta horvathi","BodyTemp_mean","31.6","RepT","Mean Tb"
"354","Lacertidae","Iberolacerta horvathi","Brood_per_year","1","AMN","litters_or_clutches_per_y"
"355","Lacertidae","Iberolacerta horvathi","Clutch_mean","3.5049999999999999","RepT","Mean number of offspring per litter or number of eggs per clutch"
"356","Lacertidae","Iberolacerta horvathi","Diet","Carnivorous","RepT","Diet"
"357","Lacertidae","Iberolacerta horvathi","First_breeding_m","24","SqB","first_breeding_months"
"358","Lacertidae","Iberolacerta horvathi","Limbs","4 well developed limbs","SqB","Limbs"
"359","Lacertidae","Iberolacerta horvathi","SVL_mm_max","65","RepT","Maximum length (SVL, mm)/straight carapace length for turtles (SCL, mm)"
"360","Lacertidae","Iberolacerta horvathi","Substrate","Saxicolous","RepT","Microhabitat"
"361","Lacertidae","Iberolacerta martinezricai","Active_period","Diurnal","RepT","Active time"
"362","Lacertidae","Iberolacerta martinezricai","Activity_season_m","5","SqB","Length_Activity_Season"
"363","Lacertidae","Iberolacerta martinezricai","BodyMass_max_g","7.7624711660000001","RepT","Maximum body mass (g)"
"364","Lacertidae","Iberolacerta martinezricai","BodyTemp_mean","33.299999999999997","RepT","Mean Tb"
"365","Lacertidae","Iberolacerta martinezricai","Brood_per_year","1.25","AMN","litters_or_clutches_per_y"
"366","Lacertidae","Iberolacerta martinezricai","Clutch_mean","4","RepT","Mean number of offspring per litter or number of eggs per clutch"
"367","Lacertidae","Iberolacerta martinezricai","Diet","Carnivorous","RepT","Diet"
"368","Lacertidae","Iberolacerta martinezricai","First_breeding_m","42","SqB","first_breeding_months"
"369","Lacertidae","Iberolacerta martinezricai","Limbs","4 well developed limbs","SqB","Limbs"
"370","Lacertidae","Iberolacerta martinezricai","Longevity_y","8","RepT","Maximum Longevity (years)"
"371","Lacertidae","Iberolacerta martinezricai","SVL_mm_max","69.3","RepT","Maximum length (SVL, mm)/straight carapace length for turtles (SCL, mm)"
"372","Lacertidae","Iberolacerta martinezricai","Substrate","Saxicolous","RepT","Microhabitat"
"373","Lacertidae","Iberolacerta monticola","Active_period","Diurnal","RepT","Active time"
"374","Lacertidae","Iberolacerta monticola","Activity_season_m","9","SqB","Length_Activity_Season"
"375","Lacertidae","Iberolacerta monticola","BodyMass_max_g","13.80384265","RepT","Maximum body mass (g)"
"376","Lacertidae","Iberolacerta monticola","BodyTemp_mean","31.450000000000003","RepT","Mean Tb"
"377","Lacertidae","Iberolacerta monticola","Brood_per_year","1.5","RepT","Number of litters or clutches produced per year"
"378","Lacertidae","Iberolacerta monticola","Clutch_mean","6.3000000000000007","RepT","Mean number of offspring per litter or number of eggs per clutch"
"379","Lacertidae","Iberolacerta monticola","Diet","Carnivorous","RepT","Diet"
"380","Lacertidae","Iberolacerta monticola","First_breeding_m","23.5","SqB","first_breeding_months"
"381","Lacertidae","Iberolacerta monticola","Limbs","4 well developed limbs","SqB","Limbs"
"382","Lacertidae","Iberolacerta monticola","Longevity_y","15","RepT","Maximum Longevity (years)"
"383","Lacertidae","Iberolacerta monticola","SVL_mm_max","84.6","RepT","Maximum length (SVL, mm)/straight carapace length for turtles (SCL, mm)"
"384","Lacertidae","Iberolacerta monticola","Substrate","Saxicolous/Terrestrial","RepT","Microhabitat"
"385","Lacertidae","Lacerta agilis","Active_period","Diurnal","RepT","Active time"
"386","Lacertidae","Lacerta agilis","Activity_season_m","7","SqB","Length_Activity_Season"
"387","Lacertidae","Lacerta agilis","BodyMass_max_g","33.884415609999998","RepT","Maximum body mass (g)"
"388","Lacertidae","Lacerta agilis","BodyTemp_mean","32.200000000000003","RepT","Mean Tb"
"389","Lacertidae","Lacerta agilis","Brood_per_year","1","RepT","Number of litters or clutches produced per year"
"390","Lacertidae","Lacerta agilis","Clutch_mean","8.4","RepT","Mean number of offspring per litter or number of eggs per clutch"
"391","Lacertidae","Lacerta agilis","Diet","Carnivorous","RepT","Diet"
"392","Lacertidae","Lacerta agilis","First_breeding_m","24","SqB","first_breeding_months"
"393","Lacertidae","Lacerta agilis","Limbs","4 well developed limbs","SqB","Limbs"
"394","Lacertidae","Lacerta agilis","Longevity_y","15","RepT","Maximum Longevity (years)"
"395","Lacertidae","Lacerta agilis","SVL_mm_max","114","RepT","Maximum length (SVL, mm)/straight carapace length for turtles (SCL, mm)"
"396","Lacertidae","Lacerta agilis","Substrate","Terrestrial","RepT","Microhabitat"
"397","Lacertidae","Lacerta bilineata","Active_period","Diurnal","RepT","Active time"
"398","Lacertidae","Lacerta bilineata","Activity_season_m","9","SqB","Length_Activity_Season"
"399","Lacertidae","Lacerta bilineata","BodyMass_max_g","50.118723359999997","RepT","Maximum body mass (g)"
"400","Lacertidae","Lacerta bilineata","Brood_per_year","1.5","RepT","Number of litters or clutches produced per year"
"401","Lacertidae","Lacerta bilineata","Clutch_mean","11.05","RepT","Mean number of offspring per litter or number of eggs per clutch"
"402","Lacertidae","Lacerta bilineata","Diet","Carnivorous","RepT","Diet"
"403","Lacertidae","Lacerta bilineata","First_breeding_m","18","SqB","first_breeding_months"
"404","Lacertidae","Lacerta bilineata","Limbs","4 well developed limbs","SqB","Limbs"
"405","Lacertidae","Lacerta bilineata","Longevity_y","13","RepT","Maximum Longevity (years)"
"406","Lacertidae","Lacerta bilineata","SVL_mm_max","130","RepT","Maximum length (SVL, mm)/straight carapace length for turtles (SCL, mm)"
"407","Lacertidae","Lacerta bilineata","Substrate","Terrestrial","RepT","Microhabitat"
"408","Lacertidae","Lacerta schreiberi","Active_period","Diurnal","RepT","Active time"
"409","Lacertidae","Lacerta schreiberi","BodyMass_max_g","75.857757500000005","RepT","Maximum body mass (g)"
"410","Lacertidae","Lacerta schreiberi","BodyTemp_mean","31.05","RepT","Mean Tb"
"411","Lacertidae","Lacerta schreiberi","Brood_per_year","2","RepT","Number of litters or clutches produced per year"
"412","Lacertidae","Lacerta schreiberi","Clutch_mean","12.35","RepT","Mean number of offspring per litter or number of eggs per clutch"
"413","Lacertidae","Lacerta schreiberi","Diet","Carnivorous","RepT","Diet"
"414","Lacertidae","Lacerta schreiberi","First_breeding_m","16","SqB","first_breeding_months"
"415","Lacertidae","Lacerta schreiberi","Limbs","4 well developed limbs","SqB","Limbs"
"416","Lacertidae","Lacerta schreiberi","Longevity_y","10","RepT","Maximum Longevity (years)"
"417","Lacertidae","Lacerta schreiberi","SVL_mm_max","135","RepT","Maximum length (SVL, mm)/straight carapace length for turtles (SCL, mm)"
"418","Lacertidae","Lacerta schreiberi","Substrate","Terrestrial","RepT","Microhabitat"
"419","Lacertidae","Lacerta trilineata","Active_period","Diurnal","RepT","Active time"
"420","Lacertidae","Lacerta trilineata","Activity_season_m","8","SqB","Length_Activity_Season"
"421","Lacertidae","Lacerta trilineata","BodyMass_max_g","117.4897555","RepT","Maximum body mass (g)"
"422","Lacertidae","Lacerta trilineata","BodyTemp_mean","31.799999999999997","RepT","Mean Tb"
"423","Lacertidae","Lacerta trilineata","Brood_per_year","1.5","RepT","Number of litters or clutches produced per year"
"424","Lacertidae","Lacerta trilineata","Clutch_mean","10.385","RepT","Mean number of offspring per litter or number of eggs per clutch"
"425","Lacertidae","Lacerta trilineata","Diet","Omnivorous","RepT","Diet"
"426","Lacertidae","Lacerta trilineata","Limbs","4 well developed limbs","SqB","Limbs"
"427","Lacertidae","Lacerta trilineata","Longevity_y","10","RepT","Maximum Longevity (years)"
"428","Lacertidae","Lacerta trilineata","SVL_mm_max","174","RepT","Maximum length (SVL, mm)/straight carapace length for turtles (SCL, mm)"
"429","Lacertidae","Lacerta trilineata","Substrate","Arboreal/Saxicolous/Terrestrial","RepT","Microhabitat"
"430","Lacertidae","Lacerta viridis","Active_period","Diurnal","RepT","Active time"
"431","Lacertidae","Lacerta viridis","Activity_season_m","6","SqB","Length_Activity_Season"
"432","Lacertidae","Lacerta viridis","BodyMass_max_g","91.201083940000004","RepT","Maximum body mass (g)"
"433","Lacertidae","Lacerta viridis","BodyTemp_mean","33.9","RepT","Mean Tb"
"434","Lacertidae","Lacerta viridis","Brood_per_year","1.5","RepT","Number of litters or clutches produced per year"
"435","Lacertidae","Lacerta viridis","Clutch_mean","9.01","RepT","Mean number of offspring per litter or number of eggs per clutch"
"436","Lacertidae","Lacerta viridis","Diet","Omnivorous","RepT","Diet"
"437","Lacertidae","Lacerta viridis","First_breeding_m","24","SqB","first_breeding_months"
"438","Lacertidae","Lacerta viridis","Limbs","4 well developed limbs","SqB","Limbs"
"439","Lacertidae","Lacerta viridis","Longevity_y","10","RepT","Maximum Longevity (years)"
"440","Lacertidae","Lacerta viridis","SVL_mm_max","160","RepT","Maximum length (SVL, mm)/straight carapace length for turtles (SCL, mm)"
"441","Lacertidae","Lacerta viridis","Substrate","Arboreal/Terrestrial","RepT","Microhabitat"
"442","Agamidae","Laudakia stellio","Active_period","Diurnal","RepT","Active time"
"443","Agamidae","Laudakia stellio","BodyMass_max_g","94.2","RepT","Maximum body mass (g)"
"444","Agamidae","Laudakia stellio","BodyTemp_mean","34","RepT","Mean Tb"
"445","Agamidae","Laudakia stellio","Brood_per_year","1.5","SqB","Yearly_broods"
"446","Agamidae","Laudakia stellio","Clutch_mean","11.5","RepT","Mean number of offspring per litter or number of eggs per clutch"
"447","Agamidae","Laudakia stellio","Diet","Omnivorous","RepT","Diet"
"448","Agamidae","Laudakia stellio","First_breeding_m","30","SqB","first_breeding_months"
"449","Agamidae","Laudakia stellio","Limbs","4 well developed limbs","SqB","Limbs"
"450","Agamidae","Laudakia stellio","Longevity_y","10","SqB","Maximum Longevity (years)"
"451","Agamidae","Laudakia stellio","SVL_mm_max","210","RepT","Maximum length (SVL, mm)/straight carapace length for turtles (SCL, mm)"
"452","Agamidae","Laudakia stellio","Substrate","Arboreal/Saxicolous","RepT","Microhabitat"
"453","Colubridae","Macroprotodon brevis","Active_period","Nocturnal","SqB","Activity time"
"454","Colubridae","Macroprotodon brevis","BodyMass_max_g","20.16902206","RepT","Maximum body mass (g)"
"455","Colubridae","Macroprotodon brevis","Brood_per_year","0.5","RepT","Number of litters or clutches produced per year"
"456","Colubridae","Macroprotodon brevis","Clutch_mean","4","RepT","Mean number of offspring per litter or number of eggs per clutch"
"457","Colubridae","Macroprotodon brevis","Diet","*Carnivorous","SqB","Diet"
"458","Colubridae","Macroprotodon brevis","Limbs","limbless","SqB","Limbs"
"459","Colubridae","Macroprotodon brevis","Longevity_y","5.9","RepT","Maximum Longevity (years)"
"460","Colubridae","Macroprotodon brevis","Substrate","Terrestrial","RepT","Microhabitat"
"461","Colubridae","Macroprotodon cucullatus","Active_period","Nocturnal","RepT","Active time"
"462","Colubridae","Macroprotodon cucullatus","BodyMass_max_g","25.690991709999999","RepT","Maximum body mass (g)"
"463","Colubridae","Macroprotodon cucullatus","Brood_per_year","0.75","RepT","Number of litters or clutches produced per year"
"464","Colubridae","Macroprotodon cucullatus","Clutch_mean","6","RepT","Mean number of offspring per litter or number of eggs per clutch"
"465","Colubridae","Macroprotodon cucullatus","Diet","Carnivorous","SqB","Diet"
"466","Colubridae","Macroprotodon cucullatus","Limbs","limbless","SqB","Limbs"
"467","Colubridae","Macroprotodon cucullatus","Longevity_y","16","RepT","Maximum Longevity (years)"
"468","Colubridae","Macroprotodon cucullatus","SVL_mm_max","363.3","RepT","Maximum length (SVL, mm)/straight carapace length for turtles (SCL, mm)"
"469","Colubridae","Macroprotodon cucullatus","Substrate","Terrestrial","RepT","Microhabitat"
"470","Viperidae","Macrovipera lebetinus","Active_period","Cathemeral","RepT","Active time"
"471","Viperidae","Macrovipera lebetinus","BodyMass_max_g","4769.8429509999996","RepT","Maximum body mass (g)"
"472","Viperidae","Macrovipera lebetinus","Clutch_mean","9","RepT","Mean number of offspring per litter or number of eggs per clutch"
"473","Viperidae","Macrovipera lebetinus","Diet","Carnivorous","SqB","Diet"
"474","Viperidae","Macrovipera lebetinus","First_breeding_m","48","SqB","first_breeding_months"
"475","Viperidae","Macrovipera lebetinus","Limbs","limbless","SqB","Limbs"
"476","Viperidae","Macrovipera lebetinus","Longevity_y","11.3","RepT","Maximum Longevity (years)"
"477","Viperidae","Macrovipera lebetinus","Substrate","Arboreal/Terrestrial","RepT","Microhabitat"
"478","Viperidae","Macrovipera schweizeri","BodyMass_max_g","1306","AMN","adult_body_mass_g"
"479","Viperidae","Macrovipera schweizeri","Clutch_mean","7.5","AMN","litter_or_clutch_size_n"
"480","Viperidae","Macrovipera schweizeri","Longevity_y","11.3","AMN","maximum_longevity_y"
"481","Psammophiidae","Malpolon insignitus","Active_period","Diurnal","RepT","Active time"
"482","Psammophiidae","Malpolon insignitus","BodyMass_max_g","1186.4697450000001","RepT","Maximum body mass (g)"
"483","Psammophiidae","Malpolon insignitus","Clutch_mean","8","RepT","Mean number of offspring per litter or number of eggs per clutch"
"484","Psammophiidae","Malpolon insignitus","Diet","Carnivorous","SqB","Diet"
"485","Psammophiidae","Malpolon insignitus","Limbs","limbless","SqB","Limbs"
"486","Psammophiidae","Malpolon insignitus","Longevity_y","25","RepT","Maximum Longevity (years)"
"487","Psammophiidae","Malpolon insignitus","SVL_mm_max","1700","SqB","maximum SVL (mm)"
"488","Psammophiidae","Malpolon insignitus","Substrate","Terrestrial","RepT","Microhabitat"
"489","Psammophiidae","Malpolon monspessulanus","Active_period","Cathemeral","RepT","Active time"
"490","Psammophiidae","Malpolon monspessulanus","BodyMass_max_g","388.35346909999998","RepT","Maximum body mass (g)"
"491","Psammophiidae","Malpolon monspessulanus","Clutch_mean","8","RepT","Mean number of offspring per litter or number of eggs per clutch"
"492","Psammophiidae","Malpolon monspessulanus","Diet","Carnivorous","SqB","Diet"
"493","Psammophiidae","Malpolon monspessulanus","First_breeding_m","54","SqB","first_breeding_months"
"494","Psammophiidae","Malpolon monspessulanus","Limbs","limbless","SqB","Limbs"
"495","Psammophiidae","Malpolon monspessulanus","Longevity_y","20","RepT","Maximum Longevity (years)"
"496","Psammophiidae","Malpolon monspessulanus","SVL_mm_max","1166","RepT","Maximum length (SVL, mm)/straight carapace length for turtles (SCL, mm)"
"497","Psammophiidae","Malpolon monspessulanus","Substrate","Terrestrial","RepT","Microhabitat"
"498","Gekkonidae","Mediodactylus kotschyi","Active_period","Cathemeral","RepT","Active time"
"499","Gekkonidae","Mediodactylus kotschyi","Activity_season_m","10","SqB","Length_Activity_Season"
"500","Gekkonidae","Mediodactylus kotschyi","BodyMass_max_g","3.8018939629999999","RepT","Maximum body mass (g)"
"501","Gekkonidae","Mediodactylus kotschyi","BodyTemp_mean","26.049999999999997","RepT","Mean Tb"
"502","Gekkonidae","Mediodactylus kotschyi","Brood_per_year","3","RepT","Number of litters or clutches produced per year"
"503","Gekkonidae","Mediodactylus kotschyi","Clutch_mean","1.625","RepT","Mean number of offspring per litter or number of eggs per clutch"
"504","Gekkonidae","Mediodactylus kotschyi","Diet","Carnivorous","RepT","Diet"
"505","Gekkonidae","Mediodactylus kotschyi","First_breeding_m","24","SqB","first_breeding_months"
"506","Gekkonidae","Mediodactylus kotschyi","Limbs","4 well developed limbs","SqB","Limbs"
"507","Gekkonidae","Mediodactylus kotschyi","Longevity_y","8","SqB","Maximum Longevity (years)"
"508","Gekkonidae","Mediodactylus kotschyi","SVL_mm_max","56","RepT","Maximum length (SVL, mm)/straight carapace length for turtles (SCL, mm)"
"509","Gekkonidae","Mediodactylus kotschyi","Substrate","Arboreal/Saxicolous","RepT","Microhabitat"
"510","Viperidae","Montivipera xanthina","Active_period","Cathemeral","RepT","Active time"
"511","Viperidae","Montivipera xanthina","BodyMass_max_g","1118.3433379999999","RepT","Maximum body mass (g)"
"512","Viperidae","Montivipera xanthina","Clutch_mean","8.5","RepT","Mean number of offspring per litter or number of eggs per clutch"
"513","Viperidae","Montivipera xanthina","Diet","*Carnivorous","SqB","Diet"
"514","Viperidae","Montivipera xanthina","Limbs","limbless","SqB","Limbs"
"515","Viperidae","Montivipera xanthina","Longevity_y","16.399999999999999","RepT","Maximum Longevity (years)"
"516","Viperidae","Montivipera xanthina","SVL_mm_max","942","RepT","Maximum length (SVL, mm)/straight carapace length for turtles (SCL, mm)"
"517","Viperidae","Montivipera xanthina","Substrate","Terrestrial","RepT","Microhabitat"
"518","Colubridae","Natrix maura","Active_period","Diurnal","RepT","Active time"
"519","Colubridae","Natrix maura","BodyMass_max_g","135.8020191","RepT","Maximum body mass (g)"
"520","Colubridae","Natrix maura","Brood_per_year","4","RepT","Number of litters or clutches produced per year"
"521","Colubridae","Natrix maura","Clutch_mean","11.5","RepT","Mean number of offspring per litter or number of eggs per clutch"
"522","Colubridae (Natricinae)","Natrix maura","Diet","Carnivorous","SqB","Diet"
"523","Colubridae (Natricinae)","Natrix maura","First_breeding_m","54","SqB","first_breeding_months"
"524","Colubridae (Natricinae)","Natrix maura","Limbs","limbless","SqB","Limbs"
"525","Colubridae","Natrix maura","Longevity_y","20","RepT","Maximum Longevity (years)"
"526","Colubridae","Natrix maura","SVL_mm_max","483","RepT","Maximum length (SVL, mm)/straight carapace length for turtles (SCL, mm)"
"527","Colubridae","Natrix maura","Substrate","Aquatic","RepT","Microhabitat"
"528","Colubridae","Natrix natrix","Active_period","Cathemeral","RepT","Active time"
"529","Colubridae","Natrix natrix","BodyMass_max_g","2800.928844","RepT","Maximum body mass (g)"
"530","Colubridae","Natrix natrix","Brood_per_year","1","RepT","Number of litters or clutches produced per year"
"531","Colubridae","Natrix natrix","Clutch_mean","9.16","RepT","Mean number of offspring per litter or number of eggs per clutch"
"532","Colubridae","Natrix natrix","Diet","Carnivorous","RepT","Diet"
"533","Natricidae","Natrix natrix","First_breeding_m","48.7","AMN","female_maturity_m"
"534","Colubridae (Natricinae)","Natrix natrix","Limbs","limbless","SqB","Limbs"
"535","Colubridae","Natrix natrix","Longevity_y","20","RepT","Maximum Longevity (years)"
"536","Colubridae","Natrix natrix","SVL_mm_max","320","RepT","Maximum length (SVL, mm)/straight carapace length for turtles (SCL, mm)"
"537","Colubridae","Natrix natrix","Substrate","Aquatic","RepT","Microhabitat"
"538","Lacertidae","Ophisops elegans","Active_period","Diurnal","RepT","Active time"
"539","Lacertidae","Ophisops elegans","Activity_season_m","9.5","SqB","Length_Activity_Season"
"540","Lacertidae","Ophisops elegans","BodyMass_max_g","7.9432823470000002","RepT","Maximum body mass (g)"
"541","Lacertidae","Ophisops elegans","BodyTemp_mean","31.3","RepT","Mean Tb"
"542","Lacertidae","Ophisops elegans","Brood_per_year","3","RepT","Number of litters or clutches produced per year"
"543","Lacertidae","Ophisops elegans","Clutch_mean","3.5700000000000003","RepT","Mean number of offspring per litter or number of eggs per clutch"
"544","Lacertidae","Ophisops elegans","Diet","Carnivorous","RepT","Diet"
"545","Lacertidae","Ophisops elegans","First_breeding_m","24","SqB","first_breeding_months"
"546","Lacertidae","Ophisops elegans","Limbs","4 well developed limbs","SqB","Limbs"
"547","Lacertidae","Ophisops elegans","Longevity_y","7","RepT","Maximum Longevity (years)"
"548","Lacertidae","Ophisops elegans","SVL_mm_max","70","RepT","Maximum length (SVL, mm)/straight carapace length for turtles (SCL, mm)"
"549","Lacertidae","Ophisops elegans","Substrate","Terrestrial","RepT","Microhabitat"
"550","Lacertidae","Phoenicolacerta troodica","Active_period","Diurnal","RepT","Active time"
"551","Lacertidae","Phoenicolacerta troodica","BodyMass_max_g","7.9432823470000002","RepT","Maximum body mass (g)"
"552","Lacertidae","Phoenicolacerta troodica","BodyTemp_mean","33.5","RepT","Mean Tb"
"553","Lacertidae","Phoenicolacerta troodica","Brood_per_year","2.4","AMN","litters_or_clutches_per_y"
"554","Lacertidae","Phoenicolacerta troodica","Clutch_mean","5","RepT","Mean number of offspring per litter or number of eggs per clutch"
"555","Lacertidae","Phoenicolacerta troodica","Diet","Carnivorous","RepT","Diet"
"556","Lacertidae","Phoenicolacerta troodica","Limbs","4 well developed limbs","SqB","Limbs"
"557","Lacertidae","Phoenicolacerta troodica","SVL_mm_max","70","RepT","Maximum length (SVL, mm)/straight carapace length for turtles (SCL, mm)"
"558","Lacertidae","Phoenicolacerta troodica","Substrate","Terrestrial","RepT","Microhabitat"
"559","Colubridae","Platyceps najadum","Active_period","Diurnal","SqB","Activity time"
"560","Colubridae","Platyceps najadum","Activity_season_m","7.5","SqB","Length_Activity_Season"
"561","Colubridae","Platyceps najadum","BodyMass_max_g","228.19292329999999","RepT","Maximum body mass (g)"
"562","Colubridae","Platyceps najadum","Clutch_mean","9.5","RepT","Mean number of offspring per litter or number of eggs per clutch"
"563","Colubridae","Platyceps najadum","Diet","Carnivorous","SqB","Diet"
"564","Colubridae","Platyceps najadum","Limbs","limbless","SqB","Limbs"
"565","Colubridae","Platyceps najadum","SVL_mm_max","1000","SqB","maximum SVL (mm)"
"566","Colubridae","Platyceps najadum","Substrate","Terrestrial","RepT","Microhabitat"
"567","Lacertidae","Podarcis bocagei","Active_period","Diurnal","RepT","Active time"
"568","Lacertidae","Podarcis bocagei","BodyMass_max_g","7.9432823470000002","RepT","Maximum body mass (g)"
"569","Lacertidae","Podarcis bocagei","BodyTemp_mean","32.299999999999997","RepT","Mean Tb"
"570","Lacertidae","Podarcis bocagei","Brood_per_year","2.5","RepT","Number of litters or clutches produced per year"
"571","Lacertidae","Podarcis bocagei","Clutch_mean","3.4","RepT","Mean number of offspring per litter or number of eggs per clutch"
"572","Lacertidae","Podarcis bocagei","Diet","Carnivorous","RepT","Diet"
"573","Lacertidae","Podarcis bocagei","First_breeding_m","16","SqB","first_breeding_months"
"574","Lacertidae","Podarcis bocagei","Limbs","4 well developed limbs","SqB","Limbs"
"575","Lacertidae","Podarcis bocagei","Longevity_y","7","RepT","Maximum Longevity (years)"
"576","Lacertidae","Podarcis bocagei","SVL_mm_max","70","RepT","Maximum length (SVL, mm)/straight carapace length for turtles (SCL, mm)"
"577","Lacertidae","Podarcis bocagei","Substrate","Terrestrial","RepT","Microhabitat"
"578","Lacertidae","Podarcis carbonelli","Active_period","Diurnal","RepT","Active time"
"579","Lacertidae","Podarcis carbonelli","BodyMass_max_g","6.4565422899999998","RepT","Maximum body mass (g)"
"580","Lacertidae","Podarcis carbonelli","BodyTemp_mean","33.299999999999997","RepT","Mean Tb"
"581","Lacertidae","Podarcis carbonelli","Brood_per_year","2","AMN","litters_or_clutches_per_y"
"582","Lacertidae","Podarcis carbonelli","Clutch_mean","2.15","RepT","Mean number of offspring per litter or number of eggs per clutch"
"583","Lacertidae","Podarcis carbonelli","Diet","Carnivorous","RepT","Diet"
"584","Lacertidae","Podarcis carbonelli","Limbs","4 well developed limbs","SqB","Limbs"
"585","Lacertidae","Podarcis carbonelli","Longevity_y","3","AMN","maximum_longevity_y"
"586","Lacertidae","Podarcis carbonelli","SVL_mm_max","65","RepT","Maximum length (SVL, mm)/straight carapace length for turtles (SCL, mm)"
"587","Lacertidae","Podarcis carbonelli","Substrate","Saxicolous/Terrestrial","RepT","Microhabitat"
"588","Lacertidae","Podarcis cretensis","Active_period","Diurnal","RepT","Active time"
"589","Lacertidae","Podarcis cretensis","BodyMass_max_g","8.5113803820000005","RepT","Maximum body mass (g)"
"590","Lacertidae","Podarcis cretensis","BodyTemp_mean","33.200000000000003","RepT","Mean Tb"
"591","Lacertidae","Podarcis cretensis","Brood_per_year","2","SqB","Yearly_broods"
"592","Lacertidae","Podarcis cretensis","Clutch_mean","3.5","RepT","Mean number of offspring per litter or number of eggs per clutch"
"593","Lacertidae","Podarcis cretensis","Diet","Carnivorous","RepT","Diet"
"594","Lacertidae","Podarcis cretensis","Limbs","4 well developed limbs","SqB","Limbs"
"595","Lacertidae","Podarcis cretensis","SVL_mm_max","71.5","RepT","Maximum length (SVL, mm)/straight carapace length for turtles (SCL, mm)"
"596","Lacertidae","Podarcis cretensis","Substrate","Terrestrial","RepT","Microhabitat"
"597","Lacertidae","Podarcis erhardii","Active_period","Diurnal","RepT","Active time"
"598","Lacertidae","Podarcis erhardii","Activity_season_m","11","SqB","Length_Activity_Season"
"599","Lacertidae","Podarcis erhardii","BodyMass_max_g","13.80384265","RepT","Maximum body mass (g)"
"600","Lacertidae","Podarcis erhardii","BodyTemp_mean","33.450000000000003","RepT","Mean Tb"
"601","Lacertidae","Podarcis erhardii","Brood_per_year","2","RepT","Number of litters or clutches produced per year"
"602","Lacertidae","Podarcis erhardii","Clutch_mean","2.5300000000000002","RepT","Mean number of offspring per litter or number of eggs per clutch"
"603","Lacertidae","Podarcis erhardii","Diet","Carnivorous","RepT","Diet"
"604","Lacertidae","Podarcis erhardii","First_breeding_m","10.5","SqB","first_breeding_months"
"605","Lacertidae","Podarcis erhardii","Limbs","4 well developed limbs","SqB","Limbs"
"606","Lacertidae","Podarcis erhardii","Longevity_y","5","RepT","Maximum Longevity (years)"
"607","Lacertidae","Podarcis erhardii","SVL_mm_max","84","RepT","Maximum length (SVL, mm)/straight carapace length for turtles (SCL, mm)"
"608","Lacertidae","Podarcis erhardii","Substrate","Saxicolous/Terrestrial","RepT","Microhabitat"
"609","Lacertidae","Podarcis filfolensis","Active_period","Diurnal","RepT","Active time"
"610","Lacertidae","Podarcis filfolensis","Activity_season_m","12","SqB","Length_Activity_Season"
"611","Lacertidae","Podarcis filfolensis","BodyMass_max_g","14.79108388","RepT","Maximum body mass (g)"
"612","Lacertidae","Podarcis filfolensis","BodyTemp_mean","32.799999999999997","RepT","Mean Tb"
"613","Lacertidae","Podarcis filfolensis","Brood_per_year","1.5","RepT","Number of litters or clutches produced per year"
"614","Lacertidae","Podarcis filfolensis","Clutch_mean","2.5","RepT","Mean number of offspring per litter or number of eggs per clutch"
"615","Lacertidae","Podarcis filfolensis","Diet","Omnivorous","RepT","Diet"
"616","Lacertidae","Podarcis filfolensis","Limbs","4 well developed limbs","SqB","Limbs"
"617","Lacertidae","Podarcis filfolensis","Longevity_y","2.8","RepT","Maximum Longevity (years)"
"618","Lacertidae","Podarcis filfolensis","SVL_mm_max","86","RepT","Maximum length (SVL, mm)/straight carapace length for turtles (SCL, mm)"
"619","Lacertidae","Podarcis filfolensis","Substrate","Saxicolous","RepT","Microhabitat"
"620","Lacertidae","Podarcis gaigeae","Active_period","Diurnal","RepT","Active time"
"621","Lacertidae","Podarcis gaigeae","Activity_season_m","12","SqB","Length_Activity_Season"
"622","Lacertidae","Podarcis gaigeae","BodyMass_max_g","22.908676530000001","RepT","Maximum body mass (g)"
"623","Lacertidae","Podarcis gaigeae","BodyTemp_mean","32.599999999999994","RepT","Mean Tb"
"624","Lacertidae","Podarcis gaigeae","Brood_per_year","2.5","RepT","Number of litters or clutches produced per year"
"625","Lacertidae","Podarcis gaigeae","Clutch_mean","2.4699999999999998","RepT","Mean number of offspring per litter or number of eggs per clutch"
"626","Lacertidae","Podarcis gaigeae","Diet","Carnivorous","RepT","Diet"
"627","Lacertidae","Podarcis gaigeae","First_breeding_m","11","SqB","first_breeding_months"
"628","Lacertidae","Podarcis gaigeae","Limbs","4 well developed limbs","SqB","Limbs"
"629","Lacertidae","Podarcis gaigeae","Longevity_y","5","RepT","Maximum Longevity (years)"
"630","Lacertidae","Podarcis gaigeae","SVL_mm_max","100","RepT","Maximum length (SVL, mm)/straight carapace length for turtles (SCL, mm)"
"631","Lacertidae","Podarcis gaigeae","Substrate","Terrestrial","RepT","Microhabitat"
"632","Lacertidae","Podarcis hispanicus","Active_period","Diurnal","RepT","Active time"
"633","Lacertidae","Podarcis hispanicus","BodyMass_max_g","9.332543008","RepT","Maximum body mass (g)"
"634","Lacertidae","Podarcis hispanicus","BodyTemp_mean","31.9","RepT","Mean Tb"
"635","Lacertidae","Podarcis hispanicus","Brood_per_year","3","RepT","Number of litters or clutches produced per year"
"636","Lacertidae","Podarcis hispanicus","Clutch_mean","2.85","RepT","Mean number of offspring per litter or number of eggs per clutch"
"637","Lacertidae","Podarcis hispanicus","Diet","Omnivorous","RepT","Diet"
"638","Lacertidae","Podarcis hispanicus","First_breeding_m","8","SqB","first_breeding_months"
"639","Lacertidae","Podarcis hispanicus","Limbs","4 well developed limbs","SqB","Limbs"
"640","Lacertidae","Podarcis hispanicus","Longevity_y","13","RepT","Maximum Longevity (years)"
"641","Lacertidae","Podarcis hispanicus","SVL_mm_max","74","RepT","Maximum length (SVL, mm)/straight carapace length for turtles (SCL, mm)"
"642","Lacertidae","Podarcis hispanicus","Substrate","Saxicolous/Terrestrial","RepT","Microhabitat"
"643","Lacertidae","Podarcis levendis","Active_period","Diurnal","RepT","Active time"
"644","Lacertidae","Podarcis levendis","BodyMass_max_g","11.48153621","RepT","Maximum body mass (g)"
"645","Lacertidae","Podarcis levendis","BodyTemp_mean","33.200000000000003","RepT","Mean Tb"
"646","Lacertidae","Podarcis levendis","Clutch_mean","2.5","RepT","Mean number of offspring per litter or number of eggs per clutch"
"647","Lacertidae","Podarcis levendis","Diet","Omnivorous","RepT","Diet"
"648","Lacertidae","Podarcis levendis","Limbs","4 well developed limbs","SqB","Limbs"
"649","Lacertidae","Podarcis levendis","SVL_mm_max","79","RepT","Maximum length (SVL, mm)/straight carapace length for turtles (SCL, mm)"
"650","Lacertidae","Podarcis levendis","Substrate","Saxicolous/Terrestrial","RepT","Microhabitat"
"651","Lacertidae","Podarcis lilfordi","Active_period","Diurnal","RepT","Active time"
"652","Lacertidae","Podarcis lilfordi","BodyMass_max_g","12.302687710000001","RepT","Maximum body mass (g)"
"653","Lacertidae","Podarcis lilfordi","BodyTemp_mean","34.6","RepT","Mean Tb"
"654","Lacertidae","Podarcis lilfordi","Brood_per_year","2.5","RepT","Number of litters or clutches produced per year"
"655","Lacertidae","Podarcis lilfordi","Clutch_mean","2.5","RepT","Mean number of offspring per litter or number of eggs per clutch"
"656","Lacertidae","Podarcis lilfordi","Diet","Omnivorous","RepT","Diet"
"657","Lacertidae","Podarcis lilfordi","First_breeding_m","21","SqB","first_breeding_months"
"658","Lacertidae","Podarcis lilfordi","Limbs","4 well developed limbs","SqB","Limbs"
"659","Lacertidae","Podarcis lilfordi","Longevity_y","13.11","RepT","Maximum Longevity (years)"
"660","Lacertidae","Podarcis lilfordi","SVL_mm_max","81","RepT","Maximum length (SVL, mm)/straight carapace length for turtles (SCL, mm)"
"661","Lacertidae","Podarcis lilfordi","Substrate","Terrestrial","RepT","Microhabitat"
"662","Lacertidae","Podarcis melisellensis","Active_period","Diurnal","RepT","Active time"
"663","Lacertidae","Podarcis melisellensis","Activity_season_m","9.5","SqB","Length_Activity_Season"
"664","Lacertidae","Podarcis melisellensis","BodyMass_max_g","9.332543008","RepT","Maximum body mass (g)"
"665","Lacertidae","Podarcis melisellensis","BodyTemp_mean","32.450000000000003","RepT","Mean Tb"
"666","Lacertidae","Podarcis melisellensis","Brood_per_year","3","RepT","Number of litters or clutches produced per year"
"667","Lacertidae","Podarcis melisellensis","Clutch_mean","4.25","RepT","Mean number of offspring per litter or number of eggs per clutch"
"668","Lacertidae","Podarcis melisellensis","Diet","Carnivorous","RepT","Diet"
"669","Lacertidae","Podarcis melisellensis","First_breeding_m","12","SqB","first_breeding_months"
"670","Lacertidae","Podarcis melisellensis","Limbs","4 well developed limbs","SqB","Limbs"
"671","Lacertidae","Podarcis melisellensis","Longevity_y","3.9","RepT","Maximum Longevity (years)"
"672","Lacertidae","Podarcis melisellensis","SVL_mm_max","74","RepT","Maximum length (SVL, mm)/straight carapace length for turtles (SCL, mm)"
"673","Lacertidae","Podarcis melisellensis","Substrate","Terrestrial","RepT","Microhabitat"
"674","Lacertidae","Podarcis milensis","Active_period","Diurnal","RepT","Active time"
"675","Lacertidae","Podarcis milensis","Activity_season_m","12","SqB","Length_Activity_Season"
"676","Lacertidae","Podarcis milensis","BodyMass_max_g","9.7723722100000003","RepT","Maximum body mass (g)"
"677","Lacertidae","Podarcis milensis","BodyTemp_mean","32.950000000000003","RepT","Mean Tb"
"678","Lacertidae","Podarcis milensis","Brood_per_year","1.4","AMN","litters_or_clutches_per_y"
"679","Lacertidae","Podarcis milensis","Clutch_mean","1.73","RepT","Mean number of offspring per litter or number of eggs per clutch"
"680","Lacertidae","Podarcis milensis","Diet","Carnivorous","RepT","Diet"
"681","Lacertidae","Podarcis milensis","Limbs","4 well developed limbs","SqB","Limbs"
"682","Lacertidae","Podarcis milensis","SVL_mm_max","75","RepT","Maximum length (SVL, mm)/straight carapace length for turtles (SCL, mm)"
"683","Lacertidae","Podarcis milensis","Substrate","Saxicolous/Terrestrial","RepT","Microhabitat"
"684","Lacertidae","Podarcis muralis","Active_period","Diurnal","RepT","Active time"
"685","Lacertidae","Podarcis muralis","Activity_season_m","8","SqB","Length_Activity_Season"
"686","Lacertidae","Podarcis muralis","BodyMass_max_g","10.96478196","RepT","Maximum body mass (g)"
"687","Lacertidae","Podarcis muralis","BodyTemp_mean","32.200000000000003","RepT","Mean Tb"
"688","Lacertidae","Podarcis muralis","Brood_per_year","2","RepT","Number of litters or clutches produced per year"
"689","Lacertidae","Podarcis muralis","Clutch_mean","4.93","RepT","Mean number of offspring per litter or number of eggs per clutch"
"690","Lacertidae","Podarcis muralis","Diet","Carnivorous","RepT","Diet"
"691","Lacertidae","Podarcis muralis","First_breeding_m","30","SqB","first_breeding_months"
"692","Lacertidae","Podarcis muralis","Limbs","4 well developed limbs","SqB","Limbs"
"693","Lacertidae","Podarcis muralis","Longevity_y","16","RepT","Maximum Longevity (years)"
"694","Lacertidae","Podarcis muralis","SVL_mm_max","78","RepT","Maximum length (SVL, mm)/straight carapace length for turtles (SCL, mm)"
"695","Lacertidae","Podarcis muralis","Substrate","Arboreal/Saxicolous","RepT","Microhabitat"
"696","Lacertidae","Podarcis peloponnesiacus","Active_period","Diurnal","RepT","Active time"
"697","Lacertidae","Podarcis peloponnesiacus","Activity_season_m","8","SqB","Length_Activity_Season"
"698","Lacertidae","Podarcis peloponnesiacus","BodyMass_max_g","14.12537545","RepT","Maximum body mass (g)"
"699","Lacertidae","Podarcis peloponnesiacus","BodyTemp_mean","33","RepT","Mean Tb"
"700","Lacertidae","Podarcis peloponnesiacus","Brood_per_year","1.7","AMN","litters_or_clutches_per_y"
"701","Lacertidae","Podarcis peloponnesiacus","Clutch_mean","3.48","RepT","Mean number of offspring per litter or number of eggs per clutch"
"702","Lacertidae","Podarcis peloponnesiacus","Diet","Carnivorous","RepT","Diet"
"703","Lacertidae","Podarcis peloponnesiacus","Limbs","4 well developed limbs","SqB","Limbs"
"704","Lacertidae","Podarcis peloponnesiacus","SVL_mm_max","85","RepT","Maximum length (SVL, mm)/straight carapace length for turtles (SCL, mm)"
"705","Lacertidae","Podarcis peloponnesiacus","Substrate","Arboreal/Saxicolous/Terrestrial","RepT","Microhabitat"
"706","Lacertidae","Podarcis pityusensis","Active_period","Diurnal","RepT","Active time"
"707","Lacertidae","Podarcis pityusensis","Activity_season_m","12","SqB","Length_Activity_Season"
"708","Lacertidae","Podarcis pityusensis","BodyMass_max_g","12.58925412","RepT","Maximum body mass (g)"
"709","Lacertidae","Podarcis pityusensis","BodyTemp_mean","34.200000000000003","RepT","Mean Tb"
"710","Lacertidae","Podarcis pityusensis","Brood_per_year","3","RepT","Number of litters or clutches produced per year"
"711","Lacertidae","Podarcis pityusensis","Clutch_mean","2.65","RepT","Mean number of offspring per litter or number of eggs per clutch"
"712","Lacertidae","Podarcis pityusensis","Diet","Omnivorous","RepT","Diet"
"713","Lacertidae","Podarcis pityusensis","First_breeding_m","21","SqB","first_breeding_months"
"714","Lacertidae","Podarcis pityusensis","Limbs","4 well developed limbs","SqB","Limbs"
"715","Lacertidae","Podarcis pityusensis","Longevity_y","18","RepT","Maximum Longevity (years)"
"716","Lacertidae","Podarcis pityusensis","SVL_mm_max","82","RepT","Maximum length (SVL, mm)/straight carapace length for turtles (SCL, mm)"
"717","Lacertidae","Podarcis pityusensis","Substrate","Arboreal/Saxicolous/Terrestrial","RepT","Microhabitat"
"718","Lacertidae","Podarcis raffonei","Active_period","Diurnal","RepT","Active time"
"719","Lacertidae","Podarcis raffonei","Activity_season_m","12","SqB","Length_Activity_Season"
"720","Lacertidae","Podarcis raffonei","BodyMass_max_g","14.12538","RepT","Maximum body mass (g)"
"721","Lacertidae","Podarcis raffonei","BodyTemp_mean","33.95","SqB","Averge_body_temperature"
"722","Lacertidae","Podarcis raffonei","Brood_per_year","1.5","SqB","Yearly_broods"
"723","Lacertidae","Podarcis raffonei","Clutch_mean","6","RepT","Mean number of offspring per litter or number of eggs per clutch"
"724","Lacertidae","Podarcis raffonei","Diet","Carnivorous","RepT","Diet"
"725","Lacertidae","Podarcis raffonei","Limbs","4 well developed limbs","SqB","Limbs"
"726","Lacertidae","Podarcis raffonei","SVL_mm_max","85","RepT","Maximum length (SVL, mm)/straight carapace length for turtles (SCL, mm)"
"727","Lacertidae","Podarcis raffonei","Substrate","Saxicolous","RepT","Microhabitat"
"728","Lacertidae","Podarcis siculus","Active_period","Diurnal","RepT","Active time"
"729","Lacertidae","Podarcis siculus","Activity_season_m","9.25","SqB","Length_Activity_Season"
"730","Lacertidae","Podarcis siculus","BodyMass_max_g","16.595869069999999","RepT","Maximum body mass (g)"
"731","Lacertidae","Podarcis siculus","BodyTemp_mean","33.25","RepT","Mean Tb"
"732","Lacertidae","Podarcis siculus","Brood_per_year","3","RepT","Number of litters or clutches produced per year"
"733","Lacertidae","Podarcis siculus","Clutch_mean","5.7","RepT","Mean number of offspring per litter or number of eggs per clutch"
"734","Lacertidae","Podarcis siculus","Diet","Omnivorous","RepT","Diet"
"735","Lacertidae","Podarcis siculus","First_breeding_m","12","SqB","first_breeding_months"
"736","Lacertidae","Podarcis siculus","Limbs","4 well developed limbs","SqB","Limbs"
"737","Lacertidae","Podarcis siculus","Longevity_y","13","RepT","Maximum Longevity (years)"
"738","Lacertidae","Podarcis siculus","SVL_mm_max","90","RepT","Maximum length (SVL, mm)/straight carapace length for turtles (SCL, mm)"
"739","Lacertidae","Podarcis siculus","Substrate","Saxicolous/Terrestrial","RepT","Microhabitat"
"740","Lacertidae","Podarcis tauricus","Active_period","Diurnal","RepT","Active time"
"741","Lacertidae","Podarcis tauricus","Activity_season_m","6.5","SqB","Length_Activity_Season"
"742","Lacertidae","Podarcis tauricus","BodyMass_max_g","17.37800829","RepT","Maximum body mass (g)"
"743","Lacertidae","Podarcis tauricus","BodyTemp_mean","29.900000000000002","RepT","Mean Tb"
"744","Lacertidae","Podarcis tauricus","Brood_per_year","1.85","AMN","litters_or_clutches_per_y"
"745","Lacertidae","Podarcis tauricus","Clutch_mean","4.7850000000000001","RepT","Mean number of offspring per litter or number of eggs per clutch"
"746","Lacertidae","Podarcis tauricus","Diet","Carnivorous","RepT","Diet"
"747","Lacertidae","Podarcis tauricus","First_breeding_m","27.5","SqB","first_breeding_months"
"748","Lacertidae","Podarcis tauricus","Limbs","4 well developed limbs","SqB","Limbs"
"749","Lacertidae","Podarcis tauricus","Longevity_y","10","RepT","Maximum Longevity (years)"
"750","Lacertidae","Podarcis tauricus","SVL_mm_max","91","RepT","Maximum length (SVL, mm)/straight carapace length for turtles (SCL, mm)"
"751","Lacertidae","Podarcis tauricus","Substrate","Terrestrial","RepT","Microhabitat"
"752","Lacertidae","Podarcis tiliguerta","Active_period","Diurnal","RepT","Active time"
"753","Lacertidae","Podarcis tiliguerta","Activity_season_m","9.5","SqB","Length_Activity_Season"
"754","Lacertidae","Podarcis tiliguerta","BodyMass_max_g","15.135612480000001","RepT","Maximum body mass (g)"
"755","Lacertidae","Podarcis tiliguerta","BodyTemp_mean","29.8","RepT","Mean Tb"
"756","Lacertidae","Podarcis tiliguerta","Brood_per_year","2","AMN","litters_or_clutches_per_y"
"757","Lacertidae","Podarcis tiliguerta","Clutch_mean","9","RepT","Mean number of offspring per litter or number of eggs per clutch"
"758","Lacertidae","Podarcis tiliguerta","Diet","Carnivorous","RepT","Diet"
"759","Lacertidae","Podarcis tiliguerta","Limbs","4 well developed limbs","SqB","Limbs"
"760","Lacertidae","Podarcis tiliguerta","Longevity_y","15","RepT","Maximum Longevity (years)"
"761","Lacertidae","Podarcis tiliguerta","SVL_mm_max","87","RepT","Maximum length (SVL, mm)/straight carapace length for turtles (SCL, mm)"
"762","Lacertidae","Podarcis tiliguerta","Substrate","Saxicolous","RepT","Microhabitat"
"763","Lacertidae","Podarcis waglerianus","Active_period","Diurnal","RepT","Active time"
"764","Lacertidae","Podarcis waglerianus","Activity_season_m","9.5","SqB","Length_Activity_Season"
"765","Lacertidae","Podarcis waglerianus","BodyMass_max_g","10.23292992","RepT","Maximum body mass (g)"
"766","Lacertidae","Podarcis waglerianus","Brood_per_year","1.4","AMN","litters_or_clutches_per_y"
"767","Lacertidae","Podarcis waglerianus","Clutch_mean","4","RepT","Mean number of offspring per litter or number of eggs per clutch"
"768","Lacertidae","Podarcis waglerianus","Diet","Carnivorous","RepT","Diet"
"769","Lacertidae","Podarcis waglerianus","Limbs","4 well developed limbs","SqB","Limbs"
"770","Lacertidae","Podarcis waglerianus","SVL_mm_max","76","RepT","Maximum length (SVL, mm)/straight carapace length for turtles (SCL, mm)"
"771","Lacertidae","Podarcis waglerianus","Substrate","Terrestrial","RepT","Microhabitat"
"772","Lacertidae","Psammodromus algirus","Active_period","Diurnal","RepT","Active time"
"773","Lacertidae","Psammodromus algirus","Activity_season_m","10.5","SqB","Length_Activity_Season"
"774","Lacertidae","Psammodromus algirus","BodyMass_max_g","19.498446000000001","RepT","Maximum body mass (g)"
"775","Lacertidae","Psammodromus algirus","BodyTemp_mean","32.75","RepT","Mean Tb"
"776","Lacertidae","Psammodromus algirus","Brood_per_year","2","RepT","Number of litters or clutches produced per year"
"777","Lacertidae","Psammodromus algirus","Clutch_mean","5.35","RepT","Mean number of offspring per litter or number of eggs per clutch"
"778","Lacertidae","Psammodromus algirus","Diet","Omnivorous","RepT","Diet"
"779","Lacertidae","Psammodromus algirus","First_breeding_m","12.5","SqB","first_breeding_months"
"780","Lacertidae","Psammodromus algirus","Limbs","4 well developed limbs","SqB","Limbs"
"781","Lacertidae","Psammodromus algirus","Longevity_y","5","RepT","Maximum Longevity (years)"
"782","Lacertidae","Psammodromus algirus","SVL_mm_max","95","RepT","Maximum length (SVL, mm)/straight carapace length for turtles (SCL, mm)"
"783","Lacertidae","Psammodromus algirus","Substrate","Arboreal/Saxicolous/Terrestrial","RepT","Microhabitat"
"784","Lacertidae","Psammodromus hispanicus","Active_period","Diurnal","RepT","Active time"
"785","Lacertidae","Psammodromus hispanicus","BodyMass_max_g","4.168693835","RepT","Maximum body mass (g)"
"786","Lacertidae","Psammodromus hispanicus","BodyTemp_mean","30.75","RepT","Mean Tb"
"787","Lacertidae","Psammodromus hispanicus","Brood_per_year","1.5","RepT","Number of litters or clutches produced per year"
"788","Lacertidae","Psammodromus hispanicus","Clutch_mean","3.25","RepT","Mean number of offspring per litter or number of eggs per clutch"
"789","Lacertidae","Psammodromus hispanicus","Diet","Carnivorous","RepT","Diet"
"790","Lacertidae","Psammodromus hispanicus","First_breeding_m","5","SqB","first_breeding_months"
"791","Lacertidae","Psammodromus hispanicus","Limbs","4 well developed limbs","SqB","Limbs"
"792","Lacertidae","Psammodromus hispanicus","Longevity_y","0.91666666666666663","RepT","Maximum Longevity (years)"
"793","Lacertidae","Psammodromus hispanicus","SVL_mm_max","56","RepT","Maximum length (SVL, mm)/straight carapace length for turtles (SCL, mm)"
"794","Lacertidae","Psammodromus hispanicus","Substrate","Terrestrial","RepT","Microhabitat"
"795","Anguidae","Pseudopus apodus","Active_period","Diurnal","RepT","Active time"
"796","Anguidae","Pseudopus apodus","Activity_season_m","7.5","SqB","Length_Activity_Season"
"797","Anguidae","Pseudopus apodus","BodyMass_max_g","588.84365539999999","RepT","Maximum body mass (g)"
"798","Anguidae","Pseudopus apodus","BodyTemp_mean","23.450000000000003","RepT","Mean Tb"
"799","Anguidae","Pseudopus apodus","Brood_per_year","1","RepT","Number of litters or clutches produced per year"
"800","Anguidae","Pseudopus apodus","Clutch_mean","8.65","RepT","Mean number of offspring per litter or number of eggs per clutch"
"801","Anguidae","Pseudopus apodus","Diet","Carnivorous","RepT","Diet"
"802","Anguidae","Pseudopus apodus","First_breeding_m","24.3333333333333","AMN","female_maturity_m"
"803","Anguidae","Pseudopus apodus","Limbs","limbless","SqB","Limbs"
"804","Anguidae","Pseudopus apodus","Longevity_y","54","RepT","Maximum Longevity (years)"
"805","Anguidae","Pseudopus apodus","SVL_mm_max","580","RepT","Maximum length (SVL, mm)/straight carapace length for turtles (SCL, mm)"
"806","Anguidae","Pseudopus apodus","Substrate","Terrestrial","RepT","Microhabitat"
"807","Colubridae","Rhinechis scalaris","BodyMass_max_g","1587","AMN","adult_body_mass_g"
"808","Colubridae","Rhinechis scalaris","Clutch_mean","10","AMN","litter_or_clutch_size_n"
"809","Phyllodactylidae","Tarentola mauritanica","Active_period","Cathemeral","RepT","Active time"
"810","Phyllodactylidae","Tarentola mauritanica","Activity_season_m","12","SqB","Length_Activity_Season"
"811","Phyllodactylidae","Tarentola mauritanica","BodyMass_max_g","16.595869069999999","RepT","Maximum body mass (g)"
"812","Phyllodactylidae","Tarentola mauritanica","BodyTemp_mean","22.6","RepT","Mean Tb"
"813","Phyllodactylidae","Tarentola mauritanica","Brood_per_year","8.5","RepT","Number of litters or clutches produced per year"
"814","Phyllodactylidae","Tarentola mauritanica","Clutch_mean","2","RepT","Mean number of offspring per litter or number of eggs per clutch"
"815","Phyllodactylidae","Tarentola mauritanica","Diet","Carnivorous","RepT","Diet"
"816","Phyllodactylidae","Tarentola mauritanica","First_breeding_m","36","SqB","first_breeding_months"
"817","Phyllodactylidae","Tarentola mauritanica","Limbs","4 well developed limbs","SqB","Limbs"
"818","Phyllodactylidae","Tarentola mauritanica","Longevity_y","14","RepT","Maximum Longevity (years)"
"819","Phyllodactylidae","Tarentola mauritanica","SVL_mm_max","86","RepT","Maximum length (SVL, mm)/straight carapace length for turtles (SCL, mm)"
"820","Phyllodactylidae","Tarentola mauritanica","Substrate","Arboreal/Saxicolous","RepT","Microhabitat"
"821","Colubridae","Telescopus fallax","Active_period","Nocturnal","RepT","Active time"
"822","Colubridae","Telescopus fallax","BodyMass_max_g","186.22629370000001","RepT","Maximum body mass (g)"
"823","Colubridae","Telescopus fallax","Brood_per_year","1","SqB","Yearly_broods"
"824","Colubridae","Telescopus fallax","Clutch_mean","6.5","RepT","Mean number of offspring per litter or number of eggs per clutch"
"825","Colubridae","Telescopus fallax","Diet","Carnivorous","SqB","Diet"
"826","Colubridae","Telescopus fallax","Limbs","limbless","SqB","Limbs"
"827","Colubridae","Telescopus fallax","Longevity_y","10","RepT","Maximum Longevity (years)"
"828","Colubridae","Telescopus fallax","SVL_mm_max","488","RepT","Maximum length (SVL, mm)/straight carapace length for turtles (SCL, mm)"
"829","Colubridae","Telescopus fallax","Substrate","Arboreal/Terrestrial","RepT","Microhabitat"
"830","Testudinidae","Testudo graeca","Active_period","Diurnal","RepT","Active time"
"831","Testudinidae","Testudo graeca","BodyMass_max_g","4981","RepT","Maximum body mass (g)"
"832","Testudinidae","Testudo graeca","BodyTemp_mean","28","RepT","Mean Tb"
"833","Testudinidae","Testudo graeca","Brood_per_year","1","RepT","Number of litters or clutches produced per year"
"834","Testudinidae","Testudo graeca","Clutch_mean","5","RepT","Mean number of offspring per litter or number of eggs per clutch"
"835","Testudinidae","Testudo graeca","Diet","Herbivorous","RepT","Diet"
"836","Testudinidae","Testudo graeca","First_breeding_m","153.5","AMN","female_maturity_m"
"837","Testudinidae","Testudo graeca","Longevity_y","116","RepT","Maximum Longevity (years)"
"838","Testudinidae","Testudo graeca","SVL_mm_max","185","RepT","Maximum length (SVL, mm)/straight carapace length for turtles (SCL, mm)"
"839","Testudinidae","Testudo graeca","Substrate","Terrestrial","RepT","Microhabitat"
"840","Testudinidae","Testudo hermanni","Active_period","Cathemeral","RepT","Active time"
"841","Testudinidae","Testudo hermanni","BodyMass_max_g","7363","RepT","Maximum body mass (g)"
"842","Testudinidae","Testudo hermanni","BodyTemp_mean","30","RepT","Mean Tb"
"843","Testudinidae","Testudo hermanni","Brood_per_year","3","RepT","Number of litters or clutches produced per year"
"844","Testudinidae","Testudo hermanni","Clutch_mean","4.5","RepT","Mean number of offspring per litter or number of eggs per clutch"
"845","Testudinidae","Testudo hermanni","Diet","Herbivorous","RepT","Diet"
"846","Testudinidae","Testudo hermanni","First_breeding_m","155","AMN","female_maturity_m"
"847","Testudinidae","Testudo hermanni","Longevity_y","127","RepT","Maximum Longevity (years)"
"848","Testudinidae","Testudo hermanni","SVL_mm_max","280","RepT","Maximum length (SVL, mm)/straight carapace length for turtles (SCL, mm)"
"849","Testudinidae","Testudo hermanni","Substrate","Terrestrial","RepT","Microhabitat"
"850","Testudinidae","Testudo marginata","Active_period","Diurnal","RepT","Active time"
"851","Testudinidae","Testudo marginata","BodyMass_max_g","10956","RepT","Maximum body mass (g)"
"852","Testudinidae","Testudo marginata","Brood_per_year","2.399096386","AMN","litters_or_clutches_per_y"
"853","Testudinidae","Testudo marginata","Clutch_mean","6.5","RepT","Mean number of offspring per litter or number of eggs per clutch"
"854","Testudinidae","Testudo marginata","Diet","Herbivorous","RepT","Diet"
"855","Testudinidae","Testudo marginata","Longevity_y","100","RepT","Maximum Longevity (years)"
"856","Testudinidae","Testudo marginata","SVL_mm_max","350","RepT","Maximum length (SVL, mm)/straight carapace length for turtles (SCL, mm)"
"857","Testudinidae","Testudo marginata","Substrate","Terrestrial","RepT","Microhabitat"
"858","Lacertidae","Timon lepidus","Active_period","Diurnal","RepT","Active time"
"859","Lacertidae","Timon lepidus","Activity_season_m","6.5","SqB","Length_Activity_Season"
"860","Lacertidae","Timon lepidus","BodyMass_max_g","380.1893963","RepT","Maximum body mass (g)"
"861","Lacertidae","Timon lepidus","BodyTemp_mean","30.4","RepT","Mean Tb"
"862","Lacertidae","Timon lepidus","Brood_per_year","1","RepT","Number of litters or clutches produced per year"
"863","Lacertidae","Timon lepidus","Clutch_mean","13.7","RepT","Mean number of offspring per litter or number of eggs per clutch"
"864","Lacertidae","Timon lepidus","Diet","Omnivorous","RepT","Diet"
"865","Lacertidae","Timon lepidus","First_breeding_m","36.5056666666667","AMN","female_maturity_m"
"866","Lacertidae","Timon lepidus","Limbs","4 well developed limbs","SqB","Limbs"
"867","Lacertidae","Timon lepidus","Longevity_y","35","RepT","Maximum Longevity (years)"
"868","Lacertidae","Timon lepidus","SVL_mm_max","260","RepT","Maximum length (SVL, mm)/straight carapace length for turtles (SCL, mm)"
"869","Lacertidae","Timon lepidus","Substrate","Arboreal/Saxicolous/Terrestrial","RepT","Microhabitat"
"870","Viperidae","Vipera ammodytes","Active_period","Cathemeral","RepT","Active time"
"871","Viperidae","Vipera ammodytes","Activity_season_m","7.75","SqB","Length_Activity_Season"
"872","Viperidae","Vipera ammodytes","BodyMass_max_g","687.78547509999999","RepT","Maximum body mass (g)"
"873","Viperidae","Vipera ammodytes","BodyTemp_mean","25.85","SqB","Averge_body_temperature"
"874","Viperidae","Vipera ammodytes","Brood_per_year","1.5","RepT","Number of litters or clutches produced per year"
"875","Viperidae","Vipera ammodytes","Clutch_mean","7.5","RepT","Mean number of offspring per litter or number of eggs per clutch"
"876","Viperidae","Vipera ammodytes","Diet","Carnivorous","SqB","Diet"
"877","Viperidae","Vipera ammodytes","First_breeding_m","48.6666666666667","AMN","female_maturity_m"
"878","Viperidae","Vipera ammodytes","Limbs","limbless","SqB","Limbs"
"879","Viperidae","Vipera ammodytes","Longevity_y","30","RepT","Maximum Longevity (years)"
"880","Viperidae","Vipera ammodytes","SVL_mm_max","611","RepT","Maximum length (SVL, mm)/straight carapace length for turtles (SCL, mm)"
"881","Viperidae","Vipera ammodytes","Substrate","Terrestrial","RepT","Microhabitat"
"882","Viperidae","Vipera aspis","Active_period","Cathemeral","RepT","Active time"
"883","Viperidae","Vipera aspis","BodyMass_max_g","324.79474950000002","RepT","Maximum body mass (g)"
"884","Viperidae","Vipera aspis","Brood_per_year","0.66700000000000004","RepT","Number of litters or clutches produced per year"
"885","Viperidae","Vipera aspis","Clutch_mean","7","RepT","Mean number of offspring per litter or number of eggs per clutch"
"886","Viperidae","Vipera aspis","Diet","Carnivorous","SqB","Diet"
"887","Viperidae","Vipera aspis","First_breeding_m","48.6666666666667","AMN","female_maturity_m"
"888","Viperidae","Vipera aspis","Limbs","limbless","SqB","Limbs"
"889","Viperidae","Vipera aspis","Longevity_y","25","RepT","Maximum Longevity (years)"
"890","Viperidae","Vipera aspis","SVL_mm_max","517","RepT","Maximum length (SVL, mm)/straight carapace length for turtles (SCL, mm)"
"891","Viperidae","Vipera aspis","Substrate","Terrestrial","RepT","Microhabitat"
"892","Viperidae","Vipera berus","Active_period","Cathemeral","RepT","Active time"
"893","Viperidae","Vipera berus","Activity_season_m","6","SqB","Length_Activity_Season"
"894","Viperidae","Vipera berus","BodyMass_max_g","227.40185339999999","RepT","Maximum body mass (g)"
"895","Viperidae","Vipera berus","BodyTemp_mean","32","SqB","Averge_body_temperature"
"896","Viperidae","Vipera berus","Brood_per_year","0.5","RepT","Number of litters or clutches produced per year"
"897","Viperidae","Vipera berus","Clutch_mean","8.8000000000000007","RepT","Mean number of offspring per litter or number of eggs per clutch"
"898","Viperidae","Vipera berus","Diet","Carnivorous","RepT","Diet"
"899","Viperidae","Vipera berus","First_breeding_m","36","SqB","first_breeding_months"
"900","Viperidae","Vipera berus","Limbs","limbless","SqB","Limbs"
"901","Viperidae","Vipera berus","Longevity_y","25","RepT","Maximum Longevity (years)"
"902","Viperidae","Vipera berus","SVL_mm_max","590","RepT","Maximum length (SVL, mm)/straight carapace length for turtles (SCL, mm)"
"903","Viperidae","Vipera berus","Substrate","Terrestrial","RepT","Microhabitat"
"904","Viperidae","Vipera latastei","Active_period","Cathemeral","RepT","Active time"
"905","Viperidae","Vipera latastei","BodyMass_max_g","200.37244609999999","RepT","Maximum body mass (g)"
"906","Viperidae","Vipera latastei","Brood_per_year","0.75","RepT","Number of litters or clutches produced per year"
"907","Viperidae","Vipera latastei","Clutch_mean","8","RepT","Mean number of offspring per litter or number of eggs per clutch"
"908","Viperidae","Vipera latastei","Diet","*Carnivorous","SqB","Diet"
"909","Viperidae","Vipera latastei","Limbs","limbless","SqB","Limbs"
"910","Viperidae","Vipera latastei","Longevity_y","14","RepT","Maximum Longevity (years)"
"911","Viperidae","Vipera latastei","Substrate","Terrestrial","RepT","Microhabitat"
"912","Viperidae","Vipera seoanei","Active_period","Diurnal","SqB","Activity time"
"913","Viperidae","Vipera seoanei","Activity_season_m","9","SqB","Length_Activity_Season"
"914","Viperidae","Vipera seoanei","BodyMass_max_g","184.6014041","RepT","Maximum body mass (g)"
"915","Viperidae","Vipera seoanei","Brood_per_year","1","RepT","Number of litters or clutches produced per year"
"916","Viperidae","Vipera seoanei","Clutch_mean","10","RepT","Mean number of offspring per litter or number of eggs per clutch"
"917","Viperidae","Vipera seoanei","Diet","Carnivorous","SqB","Diet"
"918","Viperidae","Vipera seoanei","Limbs","limbless","SqB","Limbs"
"919","Viperidae","Vipera seoanei","Longevity_y","19","RepT","Maximum Longevity (years)"
"920","Viperidae","Vipera seoanei","SVL_mm_max","535","SqB","maximum SVL (mm)"
"921","Viperidae","Vipera seoanei","Substrate","Terrestrial","RepT","Microhabitat"
"922","Viperidae","Vipera ursinii","Active_period","Diurnal","SqB","Activity time"
"923","Viperidae","Vipera ursinii","BodyMass_max_g","117.874537","RepT","Maximum body mass (g)"
"924","Viperidae","Vipera ursinii","Clutch_mean","10","RepT","Mean number of offspring per litter or number of eggs per clutch"
"925","Viperidae","Vipera ursinii","Diet","*Carnivorous","SqB","Diet"
"926","Viperidae","Vipera ursinii","Limbs","limbless","SqB","Limbs"
"927","Viperidae","Vipera ursinii","Longevity_y","19","RepT","Maximum Longevity (years)"
"928","Viperidae","Vipera ursinii","Substrate","Terrestrial","RepT","Microhabitat"
"929","Typhlopidae","Xerotyphlops vermicularis","Active_period","Nocturnal","RepT","Active time"
"930","Typhlopidae","Xerotyphlops vermicularis","Activity_season_m","7.5","SqB","Length_Activity_Season"
"931","Typhlopidae","Xerotyphlops vermicularis","BodyMass_max_g","39.573822360000001","RepT","Maximum body mass (g)"
"932","Typhlopidae","Xerotyphlops vermicularis","Clutch_mean","5.5","RepT","Mean number of offspring per litter or number of eggs per clutch"
"933","Typhlopidae","Xerotyphlops vermicularis","Diet","Carnivorous","SqB","Diet"
"934","Typhlopidae","Xerotyphlops vermicularis","First_breeding_m","20","SqB","first_breeding_months"
"935","Typhlopidae","Xerotyphlops vermicularis","Limbs","limbless","SqB","Limbs"
"936","Typhlopidae","Xerotyphlops vermicularis","Longevity_y","6.2","RepT","Maximum Longevity (years)"
"937","Typhlopidae","Xerotyphlops vermicularis","Substrate","Fossorial","RepT","Microhabitat"
"938","Colubridae","Zamenis longissimus","Active_period","Diurnal","RepT","Active time"
"939","Colubridae","Zamenis longissimus","Activity_season_m","5.5","SqB","Length_Activity_Season"
"940","Colubridae","Zamenis longissimus","BodyMass_max_g","681.26330959999996","RepT","Maximum body mass (g)"
"941","Colubridae","Zamenis longissimus","Brood_per_year","1","RepT","Number of litters or clutches produced per year"
"942","Colubridae","Zamenis longissimus","Clutch_mean","15","RepT","Mean number of offspring per litter or number of eggs per clutch"
"943","Colubridae","Zamenis longissimus","Diet","Carnivorous","RepT","Diet"
"944","Colubridae","Zamenis longissimus","Limbs","limbless","SqB","Limbs"
"945","Colubridae","Zamenis longissimus","Longevity_y","30","RepT","Maximum Longevity (years)"
"946","Colubridae","Zamenis longissimus","SVL_mm_max","645","RepT","Maximum length (SVL, mm)/straight carapace length for turtles (SCL, mm)"
"947","Colubridae","Zamenis longissimus","Substrate","Arboreal/Terrestrial","RepT","Microhabitat"
"948","Colubridae","Zamenis situla","Active_period","Diurnal","SqB","Activity time"
"949","Colubridae","Zamenis situla","BodyMass_max_g","117.2195366","RepT","Maximum body mass (g)"
"950","Colubridae","Zamenis situla","Brood_per_year","0.5","RepT","Number of litters or clutches produced per year"
"951","Colubridae","Zamenis situla","Clutch_mean","5","RepT","Mean number of offspring per litter or number of eggs per clutch"
"952","Colubridae","Zamenis situla","Diet","*Carnivorous","SqB","Diet"
"953","Colubridae","Zamenis situla","First_breeding_m","36","SqB","first_breeding_months"
"954","Colubridae","Zamenis situla","Limbs","limbless","SqB","Limbs"
"955","Colubridae","Zamenis situla","Longevity_y","23","RepT","Maximum Longevity (years)"
"956","Colubridae","Zamenis situla","Substrate","Terrestrial","RepT","Microhabitat"
"957","Lacertidae","Zootoca vivipara","Active_period","Diurnal","RepT","Active time"
"958","Lacertidae","Zootoca vivipara","Activity_season_m","4.75","SqB","Length_Activity_Season"
"959","Lacertidae","Zootoca vivipara","BodyMass_max_g","10.71519305","RepT","Maximum body mass (g)"
"960","Lacertidae","Zootoca vivipara","BodyTemp_mean","30.5","RepT","Mean Tb"
"961","Lacertidae","Zootoca vivipara","Brood_per_year","1","RepT","Number of litters or clutches produced per year"
"962","Lacertidae","Zootoca vivipara","Clutch_mean","6.7","RepT","Mean number of offspring per litter or number of eggs per clutch"
"963","Lacertidae","Zootoca vivipara","Diet","Carnivorous","RepT","Diet"
"964","Lacertidae","Zootoca vivipara","First_breeding_m","34.4873333333333","AMN","female_maturity_m"
"965","Lacertidae","Zootoca vivipara","Limbs","4 well developed limbs","SqB","Limbs"
"966","Lacertidae","Zootoca vivipara","Longevity_y","12","RepT","Maximum Longevity (years)"
"967","Lacertidae","Zootoca vivipara","SVL_mm_max","77","RepT","Maximum length (SVL, mm)/straight carapace length for turtles (SCL, mm)"
"968","Lacertidae","Zootoca vivipara","Substrate","Terrestrial","RepT","Microhabitat"
